8.349178243353153617e-01,2.740088684415789566e-01,-7.942874573403624350e-02,9.447234674831699042e-02,1.971709817121835018e-01,1.486200634397983888e-01,-5.050380025505954440e-02,8.751396482955622336e-01,2.351423831705317380e-01,6.628902035581296648e-02,-3.458089705156269789e-01,-2.697859328058576506e-02,8.970862691318248761e-03,4.088390173921578885e-01,1.682975573399929092e-01,7.507740947133889620e-02
-1.092572971525942460e-01,1.120345246408612772e+00,2.405501251968895637e-01,7.880317276846169339e-01,6.323133118262912467e-01,1.043031528074485514e+00,-2.020163798379915610e-01,-3.072954121150329732e-01,2.241423756167509884e-01,2.340932898020478270e-01,3.143168982376765008e-01,2.006698043768040951e-01,-1.729225028476446546e-01,2.610551654247839637e-01,4.354669424076118012e-01,3.035965038221775242e-02
8.349178243353153617e-01,2.273038925596304882e-01,-7.942874573403624350e-02,7.109717567355755552e-02,2.808816512146850020e-01,1.486200634397983888e-01,-8.761154357684249050e-02,8.137369290027007818e-01,4.903768225929366897e-01,1.817324400967737785e-01,8.390460523314539898e-02,6.698016933209961776e-02,-1.215614084633677289e-01,3.164124714214011647e-01,1.479272421828509709e-01,7.507740947133889620e-02
1.004609086559018705e+00,3.534172558460074054e+00,1.109635084910290503e+00,-8.707502643577783585e-01,1.810466477808153618e+00,4.822020481608901399e+00,2.100302068165294411e+00,5.134190646476656239e-01,4.716731583182972032e-01,8.587696738089234394e-02,1.787929568761120191e-01,3.514879744277364937e-01,6.109164145648298544e-02,3.011117369900750962e-01,5.357640457904335740e-01,1.685140838821011233e-01
-5.326385655326320023e-01,3.298821056592649903e+00,3.697364745339975389e+00,-2.461965046739689883e-02,1.290238691793301307e+00,3.328290256201599906e+00,1.291454783136817830e-01,-2.018908317772433847e+00,2.244070121028337028e-01,4.783995643723747415e-01,1.854903689063476802e-01,2.232036854957040739e-01,1.067466923765734016e-01,5.139798115620881624e-01,1.885925032235703791e-01,3.837721335703573877e-01
7.445346070045235631e-01,8.467686726241109296e-01,9.405641946774575546e-01,9.135543760514737155e-01,8.729742577920314162e-01,4.827425907387070669e-01,7.092442332535572325e-01,1.274838851001553197e-01,3.790644801793856544e-01,3.295411167639765715e-01,1.250816740347898415e-01,3.226188099579210822e-01,-3.517411188738142069e-01,1.198710054153881294e-01,7.040420602908924463e-01,1.628840666273475846e-01
4.104746316917280979e-01,1.136087182006407570e+00,3.439261429718015739e-01,9.231836646109962130e-01,1.958054304970742177e+00,5.167138171145718717e-02,5.416769887678969386e-01,6.847892875177742367e-01,3.273689226042763023e-01,1.721158441207934209e-01,2.906009982276657189e-01,2.610783605447749428e-02,5.150990335891191263e-01,5.779337408313274249e-01,3.263226613503652507e-01,2.479896132498409234e-01
1.119395580391443046e+00,5.137315466814819098e-01,9.171523325221284662e-01,1.360830409901267579e+00,8.256249822795257431e-01,1.389583188684717641e+00,1.684556738657094765e+00,1.327704176682850123e+00,1.017084251384826055e-01,3.273948502153599671e-01,2.121474769984755815e-01,3.623909279508971681e-01,4.475998627611241787e-01,3.115702399235259490e-01,4.292182832877726728e-01,3.311639407511621780e-01
4.494721765098862454e-01,2.583960674770997556e-01,-9.693119720637932701e-02,-2.467109080972007540e-01,1.068254957697108543e+00,6.742901162306565999e-01,7.699649762086092641e-01,7.500117877270855438e-01,1.942611464080564732e-01,2.899639892369054173e-01,-4.295767347884286297e-02,2.980045154341134372e-01,2.436578756067301899e-01,1.696379217099132364e-01,-1.217545353492668903e-01,2.063018320868852673e-01
1.401888592919757537e+00,2.078616510430548736e-01,9.750128394683300614e-01,4.704258120815507094e-01,1.256263807897531448e+00,1.110798655364280352e+00,2.690149058334569965e-01,2.772852712304353373e-01,2.394681929428819911e-01,7.306708622904084516e-02,2.619262839167283974e-01,3.902937606457249631e-01,8.915302180059835047e-02,7.634555298670145373e-03,9.648765277899401527e-03,2.981501545326631919e-01
9.313049269126991714e-01,-3.286093489254819922e-01,7.602434703211432554e-01,1.009526365419546323e+00,-2.329617314456380317e-01,-9.255716391345404637e-02,5.047447717185469251e-01,5.529437554613679806e-01,3.205859214615780495e-01,2.276795613089834525e-01,3.233464669049572748e-01,8.544125461889121032e-02,6.653824002819258565e-02,-7.880348019760724521e-02,3.221574927998224758e-01,3.055541341157336777e-01
2.463305820853978201e+00,2.421672174281296108e+00,2.267172925587042975e+00,5.926222131825449324e-01,3.586447835901296344e+00,-3.716495561698836547e-01,2.453915724030711676e+00,2.039833476260560108e+00,3.484593100027361667e-01,2.722910158201017339e-01,4.196130762798961911e-01,1.963915319692960404e-02,4.844956538895456299e-01,5.439209560733795357e-01,5.530688027258842121e-01,2.727256138889548320e-01
7.825918588936726650e-01,5.367591931074366940e-01,-3.392339116828400059e-01,-1.412072179857682963e-01,-6.449415774834778015e-01,6.636309083408935550e-01,3.292117488979797169e-01,-2.077239018525514624e-01,1.061427431740130795e-01,4.158288372480574147e-01,8.412514273272110599e-02,-7.712252994721653654e-02,4.021519287148390132e-01,8.341676153213725686e-03,-4.712049861794993105e-02,9.924795610918112077e-02
4.411795845387558312e-01,5.080524964121483356e-01,5.806768060620063343e-01,6.761478098767106371e-01,4.772097665182052362e-01,9.544290924768560336e-01,9.035830724451857643e-01,8.532036384991711908e-03,2.361312818012948900e-01,4.663159397937750583e-01,3.849628838916574480e-01,3.729386998884165472e-01,1.632906570460355700e-01,2.856275184940452738e-01,6.563386088105263028e-01,4.153154969093502541e-02
9.958570763504488443e-01,7.710141261752592179e-01,5.732484808712108304e-01,7.018373334686234255e-01,1.017527626185893652e+00,3.464425407963200865e-02,4.209449056299136016e-01,3.699028128757477218e-01,5.006532209330525340e-01,2.148288035749721936e-01,6.554036637339375471e-01,2.234267499910187471e-01,4.086766757827975383e-01,3.518501275260162431e-01,7.684571472831724925e-01,1.156588727520290460e-01
1.123543787741359434e+00,8.026302004976813009e-01,1.527862000952025512e-01,5.692724307185813570e-01,-3.872796715595867023e-01,1.205805539788044722e+00,2.848238964815881791e-01,4.088584212838101140e-01,1.939588600524907724e-01,1.513774648244700094e-01,1.851274158349119903e-01,3.905799430354434110e-02,-8.924982411295254159e-02,3.421149124806545094e-01,-2.646761873846320556e-01,2.065369836299178058e-02
1.593666007709728660e+00,2.997512090747620928e+00,1.558852246539530695e+00,2.027600578402347642e-01,4.384434022126819208e+00,1.122830654358318858e+00,3.220605585670219373e+00,1.047004822448225791e+00,5.301862538220201149e-01,3.725514620849874059e-01,6.281498558126565879e-01,4.991755538008869064e-01,2.846941701556784388e-01,2.222808419294485249e-01,5.230246207103453893e-01,4.829310917701465367e-01
-1.750848999092444735e-01,4.156057648529404847e-01,1.818683401272437328e-01,-5.479597066081108858e-01,4.043179517204421591e-01,1.323728665394739545e+00,7.339864679869668729e-01,1.072637822902946958e+00,-6.760241824453716575e-02,2.773593035737941803e-01,4.523327671327082022e-02,2.756304526116763465e-01,-6.117129829766934646e-02,1.927077939951772623e-01,5.065553097301278562e-01,3.972024151797470259e-01
1.004609086559018705e+00,3.617009432828925508e+00,1.109635084910290503e+00,-6.053090897687752880e-01,1.774592673529588938e+00,4.822020481608901399e+00,2.458946982218322752e+00,6.837719267523818534e-01,3.200183473578692150e-01,1.291191342909683848e-01,2.247049959260749574e-01,2.710318494593894068e-01,2.853293894060970892e-01,4.679142336708049799e-01,4.886070638766345509e-01,1.685140838821011233e-01
3.052288792679779039e+00,-7.509250519493942955e-01,2.915490393762435684e+00,1.596878868075376712e+00,2.731406641573460803e+00,1.128694316192979219e+00,1.250123230663391594e+00,4.393457693152867938e-01,2.087663669143032807e-01,2.173638285023558048e-01,4.581358207545664363e-01,3.484269294797523453e-01,1.116920177109572559e-01,2.162667635160390178e-01,5.135306077174874861e-01,4.640416749894131776e-01
2.504925572301201164e+00,3.266409729011791274e+00,6.333469804526536961e-01,1.673179970804819394e+00,5.402304797620775645e+00,6.166718497862662574e+00,2.000068100930777693e+00,4.070608740068973219e+00,3.094427970924710225e-01,2.605054480224922586e-01,3.511759125951023908e-01,1.416374368133311024e-01,2.734427615666962796e-01,5.316222045515194283e-01,3.761003682046619723e-01,4.354894051588693582e-01
1.450659425618410214e-01,2.212020667564925880e+00,3.410728335242091624e+00,9.331691076161627851e-01,1.827285417577229509e+00,3.866165961003398266e-01,4.424713218044749041e+00,1.756146266881180473e+00,4.739076868631114658e-01,4.403434344207936002e-01,2.612342413590469925e-01,3.435653933542430760e-01,4.306024806465925114e-01,2.786034960108308978e-01,1.963334856978624643e-01,1.525354638121277084e-01
2.532761966308398449e+00,3.698641800796719892e+00,1.627623439850026665e+00,8.099469875795650697e-01,1.078519452072877804e+00,-1.783255733366969631e-01,-1.722000694735457138e-01,2.860752857666432281e+00,4.227835749019514533e-01,7.771341817340012004e-02,2.250451548674161639e-01,3.580525777604190441e-01,2.864498381237708391e-01,4.439285237896434255e-01,1.695020445323972280e-01,4.232586454961768663e-01
1.026057997011482037e+00,1.064679899562553045e+00,2.741303464613940477e+00,9.393951158574204152e-01,-3.626655494308038685e-01,1.928171603745035156e+00,1.615056059461081661e+00,-3.248793852823340100e-01,5.459778026780595095e-01,3.857189826948889122e-01,4.410495876450433173e-01,3.278835044368941798e-01,4.835900758133968580e-01,4.207287080234936028e-01,4.131638622103548930e-01,1.910525965284849970e-01
1.268953491484416718e+00,6.252609458669762255e-01,4.809001977964425523e-01,4.006334137474004686e-01,7.588041273223940231e-02,1.079494654706621537e+00,8.157411304699527799e-01,-6.059458192313399438e-01,1.479460924329565052e-01,2.887389088109867386e-01,6.559762041848717085e-02,-9.013509172991583662e-02,4.065696758126507993e-02,4.195537634851467801e-01,3.891296589174382814e-01,3.297078403426618731e-01
4.147568959815823852e-01,1.620913546756193480e+00,3.575530293583667696e+00,-3.295371133919934858e-01,-5.058202008688569284e-01,7.561785756964436445e-01,1.947349993165960580e+00,1.795317876309903804e+00,3.211662090022455729e-01,2.128131197558965904e-01,4.981306206160439620e-01,3.610903762770484304e-01,5.274304588000036098e-01,2.819197242926424485e-01,4.944000414834693324e-01,2.476197216004027979e-01
-5.368548479866903644e-01,6.070621487976709529e-01,5.173430742560036766e-01,1.090467057563734077e+00,1.483616854642034744e-01,8.511802930340628404e-01,2.852174645838556621e-01,-3.459842673986883721e-01,2.782368714236546081e-01,4.075839936141452124e-01,1.971365065465677247e-01,3.089184279910404674e-01,2.684843778046783758e-01,2.950015873115647835e-01,6.001942261013970548e-02,1.024434309942122423e-01
2.147676526866601487e-01,3.429386765848906338e-01,1.293491743075120715e+00,3.474368310507299773e-01,1.490089056317321636e-01,2.882144160086117513e-01,-8.442332820878711841e-02,2.664566736317581230e-01,1.676330197441041059e-01,-1.491057415915603146e-01,3.819922507332039752e-01,1.710164866180741150e-01,1.235225812745802121e-01,3.748404022983006789e-01,3.237468945144096333e-01,1.964918375180660093e-01
1.089032818981368722e+00,2.648879340693072182e-01,1.873749043789911251e-01,2.959812109118060697e-01,6.582155781991908539e-01,1.736413895402257879e-01,6.213720670203066732e-01,1.024733072403808176e+00,6.120130164336150952e-02,2.983566586219936201e-01,4.467244089066009227e-01,1.900653468376927169e-01,1.576864321041659411e-01,2.180206904173916660e-01,3.238310580018000095e-02,3.809997751570989855e-01
1.249467151283377930e+00,2.132278260328000830e+00,2.225757577422568634e+00,1.774460622220516148e+00,2.149750013150264039e+00,1.082510518794579601e+00,7.767171661823772943e-01,3.553325741988190511e+00,4.643103595171210185e-01,5.565038811519305018e-01,2.448164238808740456e-01,3.176318755228583757e-01,1.763595640193217351e-01,3.609485839847598188e-01,2.821759547916680710e-01,2.627328900023876979e-01
2.292423339771274104e+00,2.143840460689768523e+00,2.964409306095152630e+00,8.601859789847091653e-01,1.710388441634319800e+00,4.755805527298949675e-01,8.034292502094063648e-01,2.128017149792104323e+00,5.759851520704593886e-02,4.637670861311498638e-01,3.821815185444893403e-01,4.614093448997204083e-01,-1.482005426282538285e-01,2.674522701205994668e-01,1.758786523559106862e-01,3.344454186398975737e-01
-4.178694075492406235e-02,5.813769091758446139e-01,4.574356867138238969e-01,7.384820831599431257e-01,5.831864806854621941e-01,5.088480942668878182e-01,5.779761285115603275e-01,1.096463085087708622e+00,-9.604675640805707126e-02,1.930238450198386024e-01,-1.252065294790705163e-01,1.536532415234549975e-01,1.330712312681426590e-01,3.736060855929745350e-01,2.213051306218031256e-01,1.495554613434111058e-01
1.088254317585287012e+00,-2.131897896347963450e-01,-1.025303898167841954e-01,1.704302359879174888e+00,5.628720156456085144e-01,8.929366365614900269e-01,1.008079773523554934e+00,1.214040798576732083e+00,7.410567900849746037e-02,3.472207069602494811e-01,1.310162358176544806e-01,3.467079486427043777e-01,1.429301487330921216e-01,1.212539509500373987e-02,-2.941031297846847734e-02,3.334230449536657592e-01
-3.754369910949790223e-01,-8.952361857226299735e-01,2.686352437491849265e+00,-3.200321713878630236e-02,-5.518208252793759261e-01,1.934875462511786326e+00,2.799665298637080468e+00,-9.709994403149695419e-01,3.466348774751237261e-01,4.835686489922733089e-01,3.789520036097787647e-01,4.040958139886662304e-01,2.645663746212209011e-01,1.582026417089504589e-01,2.546494881123085863e-01,4.905661230283133722e-01
5.718468313980886730e-01,9.324028470094967158e-01,5.502443648481905036e-01,1.200071708062570686e+00,7.383501236879758123e-01,2.765248184781406993e-01,2.623448917038294637e-01,8.266928684084466905e-01,1.179207374823210419e-01,3.585135865865535787e-01,1.988590512646399855e-01,3.020344035191784293e-01,1.503736306323095462e-01,2.289895716109255075e-01,2.649631247275941459e-01,2.499220434465265483e-01
-2.290084363369193632e-02,1.596133530258943556e-01,7.822070161147095524e-01,6.796259417746860487e-01,-3.468908379326225422e-01,1.115937359438133214e+00,5.424142093636769024e-01,-3.203681110728238274e-02,1.369725903274346124e-01,1.813117134190279645e-01,1.280189208431545544e-01,-7.910403312437183643e-03,3.916720465765393122e-01,3.048394103470982719e-01,-5.482370171152228799e-02,3.221463788632650260e-01
2.871265341956253936e-01,6.831819640869106758e-01,9.688594827754928307e-01,1.610064264965788139e+00,1.163555571168679359e+00,6.954192164674444232e-01,1.130371021622242678e+00,-3.102714728829417123e-02,4.488154187073063461e-01,5.682685396380351972e-02,4.616855618429578922e-01,-2.537418922153972939e-02,2.866543910476622159e-01,1.922913058986654433e-01,4.336400929078901290e-02,8.370835721687663877e-02
2.103203579579835836e+00,2.332327600906380471e+00,1.338953794081164217e+00,1.480669521355554519e+00,2.768675674295767219e+00,6.995601234035829785e-01,-2.105716552915998796e-01,3.945118747200413889e+00,4.452045063287364823e-01,1.200856522311533475e-01,3.483439783930317724e-01,3.203496074031838559e-01,5.247105490319642351e-01,3.723944032917663183e-01,4.449142149178299532e-01,4.931689586912544887e-01
3.685907265459228199e+00,6.276250292105980400e-01,8.581312206513878049e-01,2.493256157260742345e+00,-4.267830640813230492e-01,1.403313286548460326e+00,1.994678886990301381e+00,1.291309255289612823e+00,2.582095374353057804e-01,6.206862854425901355e-02,1.492104082990143576e-01,2.798992817207381356e-01,5.811841795644980824e-01,2.683227277462365556e-01,8.770447968010455786e-02,1.785129928210186512e-01
3.535121360619848829e+00,9.262047240313581176e-01,2.552372431839199596e+00,1.822825506849516719e+00,2.760603034892036511e+00,2.973444479431554210e+00,2.935733513526138871e+00,4.084620825578714864e+00,3.472063818266500346e-01,3.891919243510774673e-01,4.066411227647228621e-01,4.337475926517284641e-01,3.542890837477470911e-01,1.827661073623550875e-02,6.191752906532629330e-01,3.184919659028920824e-01
7.148727576816904516e-02,9.817073111075663716e-02,5.139158125872770322e-01,4.256158043961786319e-01,1.754951246815527721e+00,8.786687251544551547e-01,9.910712423952993122e-01,1.088998512704162369e+00,2.903295926526499038e-01,4.533525335984389115e-01,1.119550880715540070e-01,3.433597594234312211e-01,2.319684154017704475e-02,3.938601181054650346e-02,2.131913382621722919e-01,2.350200525804856666e-01
2.463305820853978201e+00,2.177654515034070926e+00,2.267172925587042975e+00,5.784152655430413459e-01,3.539968020126154968e+00,-3.716495561698836547e-01,2.692715321385960703e+00,2.162403713696567031e+00,5.102701163467189271e-01,4.029069161458724846e-01,6.647071414251831678e-01,2.955330609356395799e-01,5.144755893331717234e-01,6.956727690248428742e-01,6.995167452751808179e-01,2.727256138889548320e-01
-1.609411655023174070e-02,4.933637256766192358e-01,-2.406151908235824033e-01,-7.297005525980460039e-01,1.129897591912563115e+00,6.764695417896994245e-01,7.607764295724787074e-01,1.043386560671682589e-01,-9.912162027692050792e-02,8.189821167278771297e-02,2.565699582649705324e-01,3.120890044907654315e-01,1.381602583293202180e-01,-4.179999204805703861e-03,2.775613677535738177e-01,2.051592664780725606e-01
1.687350858802582731e+00,1.804492185922716541e+00,1.984798084687260100e-01,2.246797094860408794e+00,1.842632503373804242e+00,3.375662332703351698e+00,5.258193819796438961e-02,2.894244897230312752e+00,4.226663835592545104e-01,5.566317444903845502e-02,2.112526407068912593e-01,-3.531135311556196643e-02,3.859736994231099949e-01,4.097656213954090632e-01,2.587942517435353751e-01,2.572107344945308016e-01
7.273612053337565886e-01,8.551879253707677098e-01,9.888981685517943543e-01,2.129142488580136328e-01,3.833734385245334275e-01,1.927425691276282826e+00,7.236711645544753324e-01,6.149605815788210250e-02,-1.006112699049621639e-01,1.518263650355947125e-01,4.145032480044532619e-01,3.071102338147138067e-01,2.652668276137477577e-01,2.868842854378850227e-01,4.415316515496894856e-01,3.143635320750445272e-01
1.882117899968134722e+00,1.318003157634592526e+00,-2.092970391875963176e-01,7.504131895530379293e-01,2.353390194032856542e+00,1.494745330526475957e+00,1.274497357252479146e+00,1.858035813363557942e+00,1.966948689090491087e-01,2.456864382014717352e-01,6.174432697861009789e-01,2.888177338252809756e-01,3.897523663148075301e-01,7.708646118059259145e-02,-1.243097968555270105e-01,3.711211333137942603e-01
5.635881898854639971e-01,1.046520360428208285e+00,4.413463874170184820e-01,8.196825613151452750e-01,1.044866250726977031e+00,8.338227472271859675e-01,-2.319070026365693260e-01,3.602625995699230144e-01,3.094202898028820536e-01,3.785360263629864441e-01,7.352413147970674467e-01,2.475933845795021404e-01,-6.365835463535240990e-02,2.616212316060695930e-01,2.104243591510542855e-01,1.693903419605225502e-01
2.476925211651125558e+00,1.503029209497797059e+00,1.428993407942389826e+00,-9.836156110842839695e-01,2.160126316042604522e+00,1.684781503390059498e+00,4.123880084898051912e+00,1.693022171799132725e+00,2.188885323753152201e-01,5.462373855435118664e-01,5.048488649685475282e-01,4.129837413036353544e-01,3.885104817514931641e-01,4.982340247838626945e-01,7.093500726283167301e-01,2.915331694307647936e-01
1.879674980473224011e+00,7.349024265517771770e-01,1.281985377098137091e+00,2.713010584411086334e+00,2.084356097202193503e+00,1.670070868513356732e+00,8.596747786646554701e-01,5.615713461079311353e-01,1.182917584993125049e-01,3.817216343245533605e-01,3.343711958082067892e-01,3.045948826633918527e-01,2.330024005201662973e-01,3.645059146667712358e-01,1.649198027758712048e-01,1.592759550204734253e-01
2.000463809012878458e-01,4.352681092042469113e-01,7.608812431774828466e-01,4.531709129179438689e-01,1.436267590424442908e-01,2.914976976619678140e-01,1.561998455154776533e+00,8.797333464343093379e-01,3.171236721918052615e-01,2.791962432543553252e-01,2.171066439111866975e-01,3.478156163371121101e-01,1.819754142714919420e-01,2.460427818025200664e-01,4.038670035286941462e-01,3.580622034152484146e-01
1.432016215768499467e+00,3.335238298890615294e+00,2.063765634428239792e+00,3.181457030129478447e+00,4.051179293264493830e-02,1.105552236991609094e+00,1.872330128090804902e+00,4.290973267794685242e+00,2.580127603822996996e-01,3.539578468322012172e-01,5.407085959400753650e-01,4.520501352248567639e-01,1.032792973450622764e-01,9.475124382639096843e-02,5.329126230907901274e-01,4.696284022161271166e-01
1.397876759147951287e+00,1.376774759583965446e+00,2.791123654393145581e-01,1.105851753226452794e-01,3.491836916791200895e+00,2.996772473614927712e+00,2.492296926977589089e-01,8.681880272429731704e-01,4.423000587338166700e-01,9.867096045928822057e-02,4.978644755431182456e-01,2.520809818897383758e-01,3.631352820082895949e-01,3.642885298383914394e-01,5.166073780471511778e-01,4.166364354594039865e-01
9.042899901835943499e-01,6.512681882874538086e-01,-3.705763511901738472e-01,6.592690341693422384e-01,-3.248228470587788408e-02,4.262407676922759792e-01,8.663244652081032449e-01,1.281027538237999419e+00,3.600748250456435873e-01,1.687255485984906211e-01,1.920920541530092840e-01,7.298252236342402111e-02,-2.163426964681738895e-01,5.584342596313708607e-02,-5.331438378442417136e-02,2.130522794844557088e-01
2.401171374216828913e-01,1.020360958725128109e+00,4.982268173446779413e-01,8.411537411454848012e-01,-4.642243956542552175e-01,1.435528060890705060e-01,2.813838482120283313e-01,7.689860951500092634e-01,1.993329202346513784e-02,1.340874173848601199e-02,1.696942660797512159e-01,1.151757124699263335e-01,6.220641541028536503e-01,2.752976309745225891e-01,3.562772456972520541e-01,3.021783245265665663e-01
-1.075886763857185624e+00,2.321972587793726728e+00,1.451937055754580097e+00,4.543172690826223992e+00,4.034614763803536786e-01,-1.014018392690269055e+00,2.897815155944051035e+00,-1.153078052493531569e+00,2.348289914105879395e-01,5.014990191828953003e-01,5.254353441070181985e-01,2.229027463149710897e-01,5.282074560564471444e-01,2.990399380910036542e-01,1.174827009894432311e-01,3.138789559336669366e-01
4.935724503236931793e-01,6.423815243691954890e-01,6.698702910043536907e-01,7.620819639736072793e-01,9.850061255037204644e-01,-1.676490834224897419e-01,6.339968139114479095e-01,3.199427572763812178e-01,2.704335901840906331e-01,1.816405048448984649e-01,3.872252758131920769e-02,1.530233189988383646e-01,4.192877793765760197e-01,1.578727324177632563e-01,4.696924286549071237e-01,1.012928427708620627e-01
1.432016215768499467e+00,3.316351205862313467e+00,2.063765634428239792e+00,3.091589261265728084e+00,-7.595266322390104019e-02,1.105552236991609094e+00,1.393792458252196331e+00,4.360303830198876796e+00,2.719219711122078387e-01,5.899141933496334644e-01,4.359442350166663482e-01,3.651966306180746691e-01,6.790420831686098946e-02,1.653008128505226715e-01,2.601268761680781694e-01,4.696284022161271166e-01
2.504925572301201164e+00,3.386844631795652205e+00,6.333469804526536961e-01,1.658664999174574772e+00,5.053715350991414113e+00,6.166718497862662574e+00,2.047126374169797369e+00,4.420590702022797913e+00,3.854724152717443619e-01,3.825582817312299100e-01,2.661755532265264734e-01,2.712141698420305613e-01,2.705699485012492966e-02,2.333360885369009097e-01,4.902650485793093593e-01,4.354894051588693582e-01
-4.178694075492406235e-02,6.156699935597426121e-01,4.574356867138238969e-01,1.014108931770862920e+00,4.745065125616883539e-01,5.088480942668878182e-01,8.670378773098503800e-01,1.087847225525182981e+00,8.204301208743459972e-02,2.353776214565101998e-01,2.847367348886000737e-01,1.931744655822869861e-01,3.478934223547794913e-01,1.647700935817801859e-01,1.804367899919057938e-01,1.495554613434111058e-01
1.126195240421649091e+00,8.784865610680474557e-01,1.057118994231929898e+00,-2.879960892291101859e-01,-5.011254876828399873e-02,-4.391800624272501619e-01,9.827912122700298569e-01,3.039846081041641668e-01,1.001338855641324688e-01,1.599813539014240393e-01,2.099468810318497469e-01,1.708665774503331514e-01,-1.257408994404645153e-01,1.392056655201479587e-01,1.705084423425995144e-01,3.970345160992883038e-01
5.066726063223697452e+00,9.008718752011486419e-01,1.715712061415219480e+00,2.614687426591279618e+00,7.320984864483571108e+00,1.071498024752890910e+00,-1.050135991757806142e+00,-5.034064252688740249e-01,4.634763760899106022e-01,2.030694778948616275e-01,2.042193990994965735e-01,9.726592221613276912e-02,4.093683907908307607e-02,2.866893079964342173e-01,1.296650171911448157e-01,2.420241797991181110e-01
5.340048971941437905e-01,9.553711250488203799e-01,6.181161967878373575e-01,2.370628477966763015e-01,5.634427086851689914e-01,4.332464826433526928e-01,2.921327376574004431e-01,3.841002669565415917e-01,3.775827805010145699e-01,2.683553278855608237e-01,4.109738223615423403e-01,5.964426764932176384e-02,4.452062220671559878e-01,1.939908586425743292e-02,1.813786906323083259e-01,1.778470713761153288e-01
1.989257019524164338e+00,-1.446086271425543468e-01,2.874878689698034506e+00,2.225004521996619911e+00,9.973814823246207606e-01,9.013155690832800326e-01,3.191082017141877003e+00,3.457946749783983531e+00,1.194246018721231845e-01,9.200578025762415346e-02,5.857040448346148009e-01,2.777010108758296014e-01,1.170655228662131064e-01,1.741344032425410360e-01,5.374907414984280152e-01,2.144282401927655179e-01
6.639646785612871582e-01,-4.604714748309371997e-01,1.273904631227312789e+00,2.490774472603335621e+00,4.646899476371487703e-01,2.909277369210426567e+00,2.963043122014728858e+00,2.393860870773424576e+00,5.038027459809388819e-01,3.114870763052656200e-01,4.160617655481897437e-01,1.989129143342290296e-01,4.736648459102444919e-01,4.119002062291607369e-01,8.249288061298567509e-01,2.523208398689504306e-01
1.602849932182187409e+00,6.412426412970528844e-01,1.625344733466269898e-01,1.597269920474553573e-01,1.323854847722597095e+00,3.456778815974709262e-02,3.903629739828620715e-01,4.328278445026998433e-01,2.022581409941404118e-02,2.313259779548693107e-01,3.548181808802484127e-01,1.800241173831823582e-01,4.272222634810612929e-02,-2.235584668904296579e-01,5.753695897989314911e-01,1.640619696893752533e-01
-2.121191207793595268e+00,4.026537627424249699e+00,9.178172640255839454e-01,2.142532556851856285e+00,3.022568421951773665e+00,2.213388458643129386e+00,2.255033948025487067e+00,-1.184428003730760404e+00,4.668819477396261020e-01,6.428427605892204078e-01,2.804921584471932183e-01,5.362236462987186592e-01,1.433475803204315446e-01,4.559367949431603062e-01,2.490783478687483288e-01,2.592971153859745526e-01
2.532761966308398449e+00,3.895938232313172378e+00,1.627623439850026665e+00,6.749530986329507209e-01,1.097776972632763748e+00,-1.783255733366969631e-01,-3.869555396571195405e-01,2.894552008464593928e+00,4.349310135827920143e-01,3.016570690539137622e-01,2.813246084967434002e-01,2.634847818135828135e-01,7.978970597890796546e-01,4.110374937457835220e-01,-9.069902463568897677e-02,4.232586454961768663e-01
1.211798574416943497e+00,2.350073846029985702e+00,-1.323801540051039449e-01,5.650063501423658874e-01,3.083246984619716358e+00,2.457357255563790588e+00,5.431621566562801817e+00,2.538646157242980261e-01,2.496548071725437634e-01,3.231916991824353991e-01,5.269616916557694486e-01,2.065190715508250507e-01,2.315545634182898938e-01,4.624035399916789357e-01,2.150464093759907325e-01,3.163959768509622128e-01
-5.319923115621176812e-01,2.944294508376793740e+00,-1.941197204232419926e+00,4.432984397093464146e+00,1.321205378778358419e+00,1.088443732587874635e+00,1.109866667618832459e+00,-6.519123972361007269e-01,1.942072570768479389e-01,1.122265702820874900e-01,5.609918030930082233e-01,3.677528398151875821e-01,6.110353667497326891e-01,4.760216551746688785e-01,6.701241225855182337e-01,1.548884924725346668e-01
2.435462414488456684e+00,1.241224535967932585e+00,3.618189911935135061e+00,3.580148936276469351e-01,1.163635278287921127e+00,-4.146425021536701561e-01,8.886527468480822645e-01,5.034656925808366879e+00,3.722734533649039723e-01,5.280273792027628810e-01,3.970938968089162691e-01,5.310948232612893172e-01,1.501260691833699035e-01,3.371507853646777964e-01,1.885287321783596093e-01,4.335748560358367865e-01
2.118024307363771008e+00,4.273281191905727638e+00,3.071757986660363926e+00,8.439246683325292153e-01,1.479098298985564552e+00,2.966165216742461808e-01,2.718973238472628839e+00,-8.136775784433526448e-01,3.534666736537598331e-01,3.264880290246705563e-01,1.961697500955510987e-01,3.898089157674701766e-01,4.233432344363579070e-01,2.616371651558950795e-01,1.274541697414949271e-01,4.060987820236758306e-01
-1.750848999092444735e-01,4.395935158585397295e-01,1.818683401272437328e-01,-4.475940040729558533e-01,2.518242297488595405e-01,1.323728665394739545e+00,9.114356266694821906e-01,4.253738333302278241e-01,-3.742766237818195840e-02,3.037903909412110748e-01,2.338546064682946457e-01,4.678640302414202035e-01,5.432762835471399709e-01,7.031379596342071658e-02,-4.048450831981742493e-02,3.972024151797470259e-01
6.421138336852438844e-01,7.182730924198492059e-03,2.835440447545712894e-01,8.903877877191999080e-01,5.796574281737503220e-01,2.771683567731433318e-01,1.569404558322685217e+00,2.218904183744229985e-01,1.918745540581505982e-01,3.118910033071127241e-01,1.383350963433057912e-01,9.949351433422662372e-02,6.693206673223962566e-01,3.518201330251939374e-01,2.438666537343431862e-01,1.145050480462430631e-01
9.720089826551713275e-01,8.016274567801359163e-01,5.271177394947201833e-01,2.406532910532765135e-01,-5.936588248874759277e-02,4.098830937575907996e-01,6.152526634256532123e-01,4.747381975109357666e-01,2.636245002275665050e-01,2.775141972054572664e-02,6.684523927698553247e-02,4.068060180392683023e-01,9.957807633898844990e-02,3.150572788820304448e-01,4.158947042631583324e-01,1.439900883133979625e-01
9.720089826551713275e-01,4.813941767423370321e-01,5.271177394947201833e-01,2.985528750722388214e-01,4.205015722932948369e-02,4.098830937575907996e-01,5.100106844740647238e-01,2.209800214266279816e-01,1.269708902584245347e-01,-1.067285028785078249e-02,1.154831171985967603e-01,2.486105470653171556e-01,4.080515035264442036e-01,3.757696724853529791e-01,4.411419920031889319e-01,1.439900883133979625e-01
2.412604587898976582e+00,1.242999581012744104e+00,1.483036489292164362e-01,1.410794256566701765e+00,8.646314862638867504e-01,-7.190700193323928957e-02,-2.802248999703510712e+00,3.569339428109977508e+00,2.748892310220735213e-01,3.899186823368481214e-01,1.642859978134715571e-03,2.023391554271900816e-01,4.688641943795858191e-01,4.323557630439541777e-01,4.558838754010844929e-01,4.707546581660937424e-01
1.084090654566378653e+00,-1.651982014619740147e+00,2.416172382504346849e+00,1.260003443038206772e+00,1.405726963979434085e+00,5.587536322949724354e-01,1.956645142854127162e+00,4.339697203299739847e+00,2.130197675784802069e-01,2.098883702643526972e-01,2.242295676833654938e-01,5.844681130788274004e-01,5.650883936830936038e-01,4.252279881663602601e-01,3.001525175004938761e-01,2.901096523527731952e-01
3.820646205294917497e+00,-5.684846171043563823e-01,8.298227833290955369e-01,9.193306143322408364e-01,2.122970076871829370e+00,4.083905322570680063e-01,1.399091163023631346e+00,2.127174152469781365e+00,3.285056729511635076e-01,7.750059727354874362e-02,1.096759810929219953e-01,2.356765792873428411e-01,2.590955958735367548e-01,3.853807692239215044e-01,4.728532594254955534e-01,3.134898492163888384e-01
-1.092572971525942460e-01,1.194819275976557682e+00,2.405501251968895637e-01,7.811399794414752851e-01,4.528603956216069593e-01,1.043031528074485514e+00,-9.765361194825858404e-02,-4.712176083305573693e-01,3.061332528309596013e-01,8.064936338930098203e-02,5.943552412557857600e-01,1.864863651997434313e-01,2.969090431316579459e-01,4.745207873125578124e-01,2.878964176285810361e-01,3.035965038221775242e-02
2.504925572301201164e+00,3.331615408832362846e+00,6.333469804526536961e-01,1.834194696288930615e+00,4.954171832425087629e+00,6.166718497862662574e+00,1.852753838183228252e+00,4.167540150054119152e+00,4.592687187449113750e-01,4.233095212672268182e-01,5.555525284164042343e-01,4.605505552978894634e-01,2.764628755013129879e-01,1.710348377390147612e-01,6.594528860794720559e-01,4.354894051588693582e-01
1.029101674789306697e+00,2.286527267449769141e-01,9.707570065613049248e-01,1.558263369442415558e-01,5.189208819557521446e-01,9.647129402148316712e-01,4.547941405940765236e-01,-9.134681187877501385e-01,8.678689948339830817e-02,3.270523416976658937e-03,2.851352674560703737e-01,1.245636341328698327e-01,4.805487047680131463e-01,1.975503384147217767e-01,-1.615915734708206486e-03,5.157047710092239889e-02
7.445346070045235631e-01,7.554926503208065913e-01,9.405641946774575546e-01,9.294461665551524421e-01,8.345679351448099803e-01,4.827425907387070669e-01,8.744471722113354994e-01,3.832980762325809421e-01,4.688462304312677187e-01,3.296635101218638453e-01,5.074397846582898719e-01,4.264989466457667078e-01,2.203069913685862247e-02,2.045629267617968816e-01,3.648541874737349366e-01,1.628840666273475846e-01
7.445346070045235631e-01,9.015731432921896271e-01,9.405641946774575546e-01,8.862403569557153471e-01,9.964892650615776448e-01,4.827425907387070669e-01,4.030485559994848588e-01,4.460696781022205348e-02,5.620601371729343487e-01,4.405071394888219749e-01,8.011098251044615481e-02,3.909629323337738271e-01,8.405486288186138355e-02,-2.424600945546001585e-04,1.242138591540550840e-01,1.628840666273475846e-01
2.830227294106842262e+00,4.586511155945975915e+00,1.450693196035235166e+00,2.382997853701153967e-01,8.249330662595979469e-01,-1.832610426406923176e-01,4.616732695626715177e+00,2.325999055847987940e+00,3.734454422607462187e-01,3.453960263129274288e-01,4.561085057217488803e-01,2.514667737663247582e-01,4.481774299911256421e-01,6.137525936611737398e-01,3.193593529106985018e-01,4.864249748232810644e-01
1.879674980473224011e+00,6.910777657118905015e-01,1.281985377098137091e+00,2.720357342819506474e+00,2.021093221196982537e+00,1.670070868513356732e+00,1.124392643460442986e+00,7.554102995711895474e-01,2.924236157755402687e-01,3.962614983101151456e-01,1.609584666312145751e-01,2.545837568621138747e-01,6.413894063276208701e-01,3.380253598946128535e-01,4.133774480468993540e-02,1.592759550204734253e-01
1.401888592919757537e+00,3.612673162685470785e-01,9.750128394683300614e-01,8.775275102035071662e-01,1.395118832409857346e+00,1.110798655364280352e+00,5.823671353397508188e-01,6.437407691973763280e-01,2.285721242022770716e-01,9.670177372077176647e-02,2.910996805161873424e-01,4.339254533442208350e-01,4.064041080356470270e-01,1.196880155843482035e-01,-3.875610439608472013e-02,2.981501545326631919e-01
8.598385418881073772e-01,2.801946854468413961e-01,-6.086842547145081550e-01,-3.131073802800957151e-02,6.175505137508610631e-02,-2.104083072978741586e-01,8.254006235751291110e-01,8.867038737620492883e-01,1.482904777083494385e-01,1.920054588405293305e-01,1.682094107775478076e-03,2.178042513912374634e-01,6.839944575213890987e-03,8.090557929259251102e-03,7.822440363318133860e-02,1.535182554174663143e-02
-2.689747543671683339e-03,-3.775603874995314690e-02,8.444018574937969257e-01,3.666228740504500205e-01,2.261301700672509879e-03,3.525799550662138127e-01,7.913036777839205227e-01,1.036299683559266382e+00,2.764652478886677756e-01,3.691694444394736929e-01,-1.274543597098660996e-01,3.637677183695249838e-01,8.881930832250412022e-02,7.537809818944629647e-02,-2.913477932327739883e-01,8.535180284037539866e-02
5.718468313980886730e-01,1.092951322449505103e+00,5.502443648481905036e-01,1.309274409982508658e+00,5.793637869699691523e-01,2.765248184781406993e-01,3.505219403326356176e-01,7.961854169008077964e-01,7.872823109158913479e-02,3.718185601548482100e-01,2.525312810954691845e-01,2.665376856518081317e-01,1.538654705967896497e-01,1.559532087089655628e-01,3.049776379640120605e-01,2.499220434465265483e-01
1.593666007709728660e+00,2.890589073805376330e+00,1.558852246539530695e+00,-2.828252344998812007e-02,4.397952788000897506e+00,1.122830654358318858e+00,3.349328458569877931e+00,8.585410486209810177e-01,6.541712827733542346e-01,3.406399016771899380e-01,3.971077124903248379e-01,4.291077491217141771e-01,4.203203785231458545e-01,5.517477645897157779e-02,4.147748935748257204e-01,4.829310917701465367e-01
2.103203579579835836e+00,2.465092538695214497e+00,1.338953794081164217e+00,1.375744625661186049e+00,2.873211160072397075e+00,6.995601234035829785e-01,-3.869805552445949592e-01,3.777917556924538012e+00,2.859665150369618547e-01,2.548286259869559922e-01,1.930480275634038900e-01,3.774669005051738413e-01,5.708132432135686329e-01,1.114801064872458503e-01,3.802055596937242710e-01,4.931689586912544887e-01
2.292423339771274104e+00,1.933579114466112081e+00,2.964409306095152630e+00,7.674961627388964258e-01,1.683956876779503897e+00,4.755805527298949675e-01,1.208047942816488307e+00,2.033656349663687912e+00,1.457537054296800527e-01,3.969155663698516467e-01,3.653952772653430436e-01,6.481579964120510740e-01,1.233991471141289015e-01,5.693984009984606187e-01,1.271925505093157438e-01,3.344454186398975737e-01
1.006941070907750646e+00,4.117767794019063565e+00,6.545470404443933798e-01,1.762900302989780954e+00,1.030918971140635243e+00,-8.463697937784984970e-02,1.443227730331367420e+00,4.661878539952198253e+00,1.936519302932660225e-01,5.536678080487573705e-01,4.219407352890761076e-01,5.419528842414508274e-01,3.587497243703675065e-01,3.713922021870620371e-01,2.710841364068646009e-02,4.586073395450121493e-01
6.792981643445524798e-01,9.968914683216335559e-01,1.398207726923042404e+00,1.015293503533788888e+00,8.714041410570557700e-01,3.309100517824150600e-01,1.202700595446391629e+00,-1.121496917983496183e-01,1.422193440946035448e-01,1.233350070572330065e-01,-4.834190619143522577e-02,2.971987266496459168e-01,2.534843633169150401e-01,4.411756766752574221e-01,5.584686998456117601e-02,3.910624897741640793e-01
2.830227294106842262e+00,4.635352630191289514e+00,1.450693196035235166e+00,5.018629858019143519e-01,5.991673106768973245e-01,-1.832610426406923176e-01,4.410721303046083008e+00,2.272500492266653183e+00,3.832329961531655282e-02,3.551835005095120845e-01,4.389537201547906720e-01,2.624474494647952572e-01,2.650253378435032392e-01,5.287350278726685726e-01,4.798681669776809766e-01,4.864249748232810644e-01
-6.017431953291672020e-01,6.396942320818876926e-01,8.890687541141693018e-01,1.301146322710196479e+00,1.479884591418808348e+00,2.517077915199068094e+00,1.889726037600332420e+00,-7.920648003198659248e-01,2.264920759892459778e-01,3.293901373968725066e-01,7.321287849854465346e-01,3.649052922280440758e-01,4.876698936224084235e-01,8.804725819548439580e-02,3.631735554441890002e-01,4.665057231717800179e-01
1.470170609518334781e-01,4.030431822589819468e-01,8.594565331399024455e-01,2.076728526324491120e-01,8.595768806527870343e-01,-4.019565542959036009e-02,8.926194139545168271e-02,3.752900531772466741e-01,1.701948673475543461e-01,1.852869954835549282e-01,3.197644926995654169e-01,3.155609877865764856e-01,1.194141758506628709e-01,4.582776391949001660e-01,2.272896511613625992e-01,8.325255002556231423e-03
2.476925211651125558e+00,1.453134509077932845e+00,1.428993407942389826e+00,-5.650206660795570324e-01,2.320573435311252375e+00,1.684781503390059498e+00,4.151881918664896531e+00,1.410060743921612847e+00,3.565307419839397474e-01,4.668057828538826892e-01,6.508788311474754673e-01,5.143007656394893434e-01,7.356610844189787057e-03,3.331952636333191942e-01,1.973916023362609073e-01,2.915331694307647936e-01
7.360145323345801405e-01,5.174895801115588778e-01,-2.413269598354124135e-01,1.173729092623162940e+00,8.157828307644257038e-01,4.486156200706429842e-01,6.892913971904653103e-02,1.751939245732013317e+00,4.910556180373130963e-02,3.300105730618144162e-01,-4.648577645224527544e-02,-5.602108585760082193e-02,-3.115176793788176357e-01,3.488421303560123587e-01,2.825238056615047011e-01,1.509698006522113278e-01
4.687731824968958128e-01,1.611262197974767940e-01,-2.791713294454956085e-02,6.804237950725992023e-01,3.014054536776109017e-01,9.735894373666444945e-01,-6.035248907205326835e-02,4.917917468140475812e-01,2.656131478572192339e-01,4.960322812991285746e-02,-4.145237261874842871e-02,2.767675887043318239e-01,1.643387014263469614e-01,1.899473139167950630e-01,3.463085178763689043e-01,3.681080858903969522e-01
-6.017431953291672020e-01,7.005115436854335575e-01,8.890687541141693018e-01,1.295431066138565290e+00,1.403984758427837987e+00,2.517077915199068094e+00,1.936504932456101891e+00,-7.811685277902370439e-01,2.787275690434022901e-01,4.107095848617642320e-01,3.120740769146501670e-01,2.413243615147017129e-01,8.817356451346344826e-02,2.616496690104750944e-01,2.738224503926500186e-01,4.665057231717800179e-01
-1.092572971525942460e-01,1.294802180287734750e+00,2.405501251968895637e-01,7.082680985840976717e-01,5.553734149973313938e-01,1.043031528074485514e+00,-3.410389149570107192e-01,-2.391021833900506544e-01,2.072847878489002538e-01,2.704539177440657971e-01,5.199964725290352474e-01,3.620075215349974895e-01,8.138264079383177030e-02,2.403918456777089097e-01,2.902149551274705308e-01,3.035965038221775242e-02
-2.597611391723119167e-01,1.322637779343221465e-01,1.041949710675710121e-02,9.624512840207340991e-01,4.650353652034751595e-01,1.354453353021184636e+00,1.098547961024711306e+00,8.660456142629239240e-01,-1.089046712948759515e-01,4.453800916574383872e-02,1.795792275624786272e-01,2.029434212341333504e-02,5.274589518871874994e-01,3.831161986785790452e-01,3.416031239134190711e-01,1.395460162804969539e-01
1.029101674789306697e+00,1.879095495428032281e-01,9.707570065613049248e-01,7.135861574079088721e-02,4.335302021736929801e-01,9.647129402148316712e-01,5.968697999708567625e-01,-1.102385083489318962e+00,6.398520742671366668e-02,2.066454039988740443e-01,2.957662935523802661e-01,1.731331459730736377e-01,-1.663238534045490546e-01,8.010358345576445993e-01,-1.544950242948145425e-02,5.157047710092239889e-02
9.958570763504488443e-01,6.171897560929481275e-01,5.732484808712108304e-01,5.720480269443932730e-01,1.049566494298554309e+00,3.464425407963200865e-02,1.284987790849822786e-01,8.105781787245237568e-01,3.360582949509406947e-01,2.516219414266715471e-01,4.861134545197839940e-01,2.205556707680514372e-01,-4.110645974640614320e-03,3.049466870698652188e-01,3.921878717352904054e-01,1.156588727520290460e-01
-7.916783125822147715e-01,5.307291715715405367e-01,1.316473779374374375e+00,1.383614679063130515e+00,2.697666218044555198e+00,2.575435515992674951e+00,1.977063552503005139e+00,-3.232067917381502564e-01,2.621694248523313564e-01,2.717596799056480883e-01,5.189552731343365366e-01,3.967211957158564561e-01,2.928688445387656603e-01,1.191476022457649275e-02,4.588957548519040919e-01,4.519713086003282476e-01
2.463305820853978201e+00,2.304257847641458135e+00,2.267172925587042975e+00,6.272821907229599869e-01,3.669046670218986783e+00,-3.716495561698836547e-01,2.893423709234797414e+00,1.720963297558140370e+00,4.905971453864552134e-01,3.066715689763048203e-01,1.778353232925244942e-01,1.164150912240471680e-01,5.933997717366776836e-01,5.267528513777852694e-01,4.762507877064154904e-01,2.727256138889548320e-01
8.598385418881073772e-01,4.826328576708339146e-01,-6.086842547145081550e-01,9.456579240883350446e-02,1.757388550763597512e-01,-2.104083072978741586e-01,7.569504014956361937e-01,7.562376369054183423e-01,1.059536803472871380e-02,2.457171281114153838e-01,2.241698654252690381e-01,3.300118022699912168e-01,3.024732012043184204e-01,1.181927705164767251e-01,-2.394341148216460047e-01,1.535182554174663143e-02
9.184028829115389314e-01,8.914579145169064800e-01,1.096130898181167268e+00,1.612695686490974722e-01,8.171945978134698141e-01,2.480058509064111127e-01,1.372016719086823974e-02,8.265016472938621073e-01,2.937116478685652954e-02,7.881668307927366945e-02,4.373788625727140777e-01,3.733593782833605212e-02,2.940397174748400344e-01,3.961521322919153709e-01,1.147465144184386110e-01,1.901179884999662506e-01
2.365920193813505490e-01,7.145780658671395669e-01,3.007897681829939662e-01,-3.974885534665349995e-01,6.572864815752150758e-01,4.519993321982472834e-01,1.961327629410083428e-01,1.001481176507192039e+00,-6.094664157902457413e-02,6.840737457623632944e-03,2.237730514088331901e-01,3.574212421125154138e-01,1.771100839728102505e-01,2.766837554620976691e-01,-7.681918621495603672e-02,3.076608057715905509e-01
1.006941070907750646e+00,4.156058978746149712e+00,6.545470404443933798e-01,1.929964299448797549e+00,9.897205868299050469e-01,-8.463697937784984970e-02,1.326578667541766343e+00,5.052559768016120501e+00,5.086536495679849779e-02,4.675822783391581083e-01,1.751097710740176505e-01,3.904588988303947517e-01,7.905390782429122520e-02,6.309280459416332087e-01,3.523772218745060414e-01,4.586073395450121493e-01
6.162103586007259270e-01,7.162337175251938248e-01,-3.238404168589936738e-02,4.306008672053310837e-01,-2.618665304174920827e-01,3.360045843352521544e-01,8.306171529826578137e-01,2.802964634443710357e-01,3.871729073910781249e-01,2.043051503544990322e-01,2.624861700938407316e-01,2.748202363252591485e-01,3.089773065763496418e-01,1.382074069386887427e-01,1.038849406935933584e-01,6.575114270082198231e-02
2.830227294106842262e+00,4.713394890050155439e+00,1.450693196035235166e+00,2.107207143031157304e-01,6.756957502090800149e-01,-1.832610426406923176e-01,4.382153257260092971e+00,2.479668956447086181e+00,2.641465801940312552e-01,3.146687232462353490e-01,2.028037193665780946e-01,3.460997553092257650e-01,3.270923839485176954e-01,3.183677293886303383e-01,1.517008760265883827e-01,4.864249748232810644e-01
1.131169517841384420e-01,-7.010971680757122071e-03,5.538557572795977935e-01,1.225319912744906148e+00,8.406256127120198540e-02,2.480809168688646871e-01,-7.944689580457800493e-02,1.794704558932153082e-01,9.926424508383768774e-03,3.735379916482143847e-01,2.369328964301584683e-01,9.495190989999660602e-02,-2.476232041799468764e-01,1.009965489994363030e-01,4.603967122611656304e-01,1.766904277162092418e-01
4.385775013246465903e+00,-8.005596561563782521e-01,9.116255497916816442e-01,2.934114484769513087e+00,1.910505912813055263e+00,1.292093367096992296e+00,4.346659744245996992e-01,1.291780299980210128e-03,3.416431232263087425e-01,1.963774115355634287e-01,3.626849672438611782e-01,4.505496734604354514e-01,1.600203641929790477e-01,3.501719988180170273e-01,4.902545959071667458e-01,2.595000076536623235e-01
8.598385418881073772e-01,4.627081802534959154e-01,-6.086842547145081550e-01,-3.554381755107693941e-03,2.697825170043346432e-01,-2.104083072978741586e-01,8.233288963870600830e-01,6.385026881508996111e-01,1.496109790841235743e-01,-2.556268445277241896e-02,5.133261214081112633e-02,1.771388699435730296e-01,5.731890165820480165e-01,-1.972466741171916838e-01,2.109288404976917830e-01,1.535182554174663143e-02
3.535121360619848829e+00,1.054350030796121551e+00,2.552372431839199596e+00,1.554255511046074956e+00,2.726359843457422549e+00,2.973444479431554210e+00,2.752306278940709561e+00,3.503450527454714081e+00,1.582035381028421284e-01,4.253558166003471586e-01,3.817836295815825176e-01,2.766084456709806960e-01,3.791557896703917074e-01,3.829130024341863003e-01,3.703914871171751222e-01,3.184919659028920824e-01
1.510806642783350418e+00,-9.976934904358569778e-01,1.916772495388064046e+00,3.693159577218414924e+00,9.387596862648751594e-01,-6.702183555080759580e-01,1.430869469419128848e+00,3.330429346429498061e+00,5.333650177685167471e-01,3.173504153831035457e-01,5.067955141176585521e-01,1.084165747397095314e-01,3.603384949264996084e-01,4.558365404730659320e-01,2.431013109245286630e-01,4.614117715960516231e-01
1.304437452469297432e+00,2.681887554690158826e+00,2.292744866244637691e+00,3.516221315529498348e+00,2.828009052555709779e+00,-7.038447495735308257e-01,6.078005224654045024e-01,4.468471305333244104e+00,3.358495107243045785e-01,1.458045183013571555e-01,5.415770097216383583e-01,2.875723208375460804e-01,3.460019017586846712e-01,7.686212981968533475e-02,3.286845593314610126e-01,1.937823316866623957e-01
2.658528419890174188e+00,1.039890834962457156e+00,5.756711561819514156e-01,1.724833592798870052e+00,1.988749104796376121e+00,3.398206587936733136e+00,1.299775860045915943e+00,5.386706441152525393e+00,2.478177621481875426e-01,4.510808621686309694e-01,4.633428732927686866e-01,7.388957628042513992e-02,1.617848734365584240e-01,1.995640446742115715e-01,1.851520080845006078e-01,4.650630884315730129e-01
2.532761966308398449e+00,3.798250615048793133e+00,1.627623439850026665e+00,6.186850467672373455e-01,1.335626039975831736e+00,-1.783255733366969631e-01,2.361814458691722379e-02,2.469481259003932117e+00,4.173383180002383508e-01,2.206694400209308071e-01,4.004061870236051979e-01,2.176530225310759903e-01,3.014784721663505973e-01,5.059693112624825684e-01,5.573228283144218698e-02,4.232586454961768663e-01
1.432016215768499467e+00,3.235687552649686438e+00,2.063765634428239792e+00,3.410970335264497777e+00,-1.735733607050868321e-01,1.105552236991609094e+00,1.366167773084975057e+00,4.186612929398117799e+00,1.221419882969419779e-01,4.675815768074709222e-01,5.488364260529879912e-01,5.032872132791263997e-01,4.309010733934374171e-01,2.596721296404194135e-01,4.324201472242641953e-01,4.696284022161271166e-01
-5.326385655326320023e-01,3.188981945549123509e+00,3.697364745339975389e+00,-2.319384710395412663e-01,1.294233045661941084e+00,3.328290256201599906e+00,4.922764796227332429e-01,-2.156395254501685343e+00,2.362500862883203656e-01,5.627014706915091091e-01,4.931344256525557190e-01,3.730592656589302725e-01,2.272626307793376432e-01,3.240334962785076933e-01,3.160887969478240467e-02,3.837721335703573877e-01
-5.973182882065586341e-02,2.310638071043379149e+00,1.444987723512980438e-03,-9.081096943773303565e-01,1.660393342231372138e+00,1.839198414576032059e+00,1.192215192004334678e+00,3.341878620351087736e+00,2.935348096842744781e-01,3.488466254973812131e-01,4.326302761696502186e-01,1.602699303916818585e-01,6.101815528774751085e-01,7.264604231287186131e-01,1.637269413113479621e-01,4.456318800331703356e-01
2.145958670371212462e-01,3.186743070779283760e-01,4.864018147940064041e-01,1.102226279610895698e+00,1.373473631908969095e+00,-3.606471828230624066e-01,-2.523916727269455706e-01,5.734879153496610371e-01,-4.121368123272564632e-02,5.404841910348853751e-02,3.335840877279586114e-01,-7.587057478079539674e-02,6.783947982639207397e-02,6.623156136736155220e-02,3.211318028673496028e-01,2.402366782245670407e-01
7.273612053337565886e-01,1.002926294213881242e+00,9.888981685517943543e-01,2.530367190453159942e-01,3.996018696314936891e-01,1.927425691276282826e+00,9.384660138637039850e-01,5.126978798711290253e-02,8.909066279004593941e-03,1.539009033002263216e-01,3.117240491105794375e-01,2.537743296296509632e-01,2.614282456577486369e-01,-1.995853350465484621e-01,5.179670418885625738e-01,3.143635320750445272e-01
-1.750848999092444735e-01,6.323726590918674617e-01,1.818683401272437328e-01,-1.454702323992608515e-01,2.045390387719868142e-01,1.323728665394739545e+00,9.692229008937713886e-01,6.613356100955534167e-01,1.560838719505688310e-01,4.159978492333717970e-01,1.782505447827275324e-01,2.314110601731844963e-01,1.959531844818699908e-01,3.566434529486231519e-01,5.648413077029605933e-01,3.972024151797470259e-01
1.882117899968134722e+00,1.376363085969024569e+00,-2.092970391875963176e-01,1.014745898748599551e+00,2.341532085294499410e+00,1.494745330526475957e+00,1.224221663720113984e+00,2.119645103362120420e+00,9.226539346002043951e-02,1.754738543526716821e-01,1.364043744592476903e-01,9.950831620621132523e-02,1.799017296902785112e-01,5.628367102420885892e-01,2.094947317813433685e-01,3.711211333137942603e-01
1.433891818166461940e+00,2.119055258472341274e-01,4.448887283672156578e-01,4.304750003134966141e-01,1.557713164540588668e-01,1.218330712558319595e+00,3.461829640118555540e-01,4.612901534072302301e-01,9.460181917560678277e-02,3.482518253780815254e-01,4.691442358109673694e-02,3.407995125667358238e-02,-2.138720539407616972e-01,3.109261458282722712e-01,-1.724656916395132522e-01,1.167942036131018740e-01
1.268953491484416718e+00,6.387366401274602312e-01,4.809001977964425523e-01,4.089237098947286486e-01,-6.505439910015399507e-02,1.079494654706621537e+00,8.193202736434782585e-01,-4.077723214924168227e-01,1.388726130245074575e-01,2.791020931596603916e-01,4.057284099672187616e-01,6.348892555669603810e-02,5.582424992384450446e-01,1.684471300219390621e-01,3.228124543424231718e-01,3.297078403426618731e-01
1.004609086559018705e+00,3.571430024777615397e+00,1.109635084910290503e+00,-7.251012165130461540e-01,1.570479850888431450e+00,4.822020481608901399e+00,2.360331294830502635e+00,7.079340145929049477e-01,3.710311217127452155e-01,3.517225171103446346e-01,4.618549545479719298e-01,3.511908978401246939e-01,3.721326027311669393e-01,3.799269576909549695e-01,2.468651643018824060e-01,1.685140838821011233e-01
2.007165361729688902e-01,3.039416384075807054e-01,6.137027452013431583e-01,2.352205255042817411e-01,3.867280571739379336e-01,7.036664547700481886e-01,2.138837803957282624e+00,8.628489801988745711e-01,4.989905695104515093e-01,2.752151339605500846e-01,2.007031957733417804e-01,9.145448425116553537e-03,3.939491982208092047e-01,-6.127202211858753106e-02,1.529487353524359161e-01,6.534422184887089813e-02
6.421138336852438844e-01,-4.800603551243073919e-02,2.835440447545712894e-01,7.350573857773060604e-01,6.388983137363314357e-01,2.771683567731433318e-01,1.450406988151720755e+00,-1.293026035135801111e-01,4.806852754729462607e-01,2.340814902826172661e-01,2.957889082021039062e-01,2.405009206301313984e-01,2.168718844549746283e-01,5.706495165705529476e-02,2.441274430011462424e-02,1.145050480462430631e-01
1.397876759147951287e+00,1.428921320682426721e+00,2.791123654393145581e-01,-4.606045934777544537e-02,3.497105060587510028e+00,2.996772473614927712e+00,1.690564663500655207e-01,1.018846705255651353e+00,5.554669724422289789e-01,6.540416136941337721e-02,4.298908954475372246e-01,1.326908967121910310e-01,-7.158248480938336766e-03,4.307713365440588582e-01,8.013853733460357676e-02,4.166364354594039865e-01
7.702978625778901002e-03,5.853150652138003895e-01,1.359159151030560064e+00,6.212018763491129469e-01,1.024713882400377502e-01,7.666409881042421937e-01,7.767423513089873888e-01,4.178954440081169563e-01,3.827254334516036471e-01,8.051238213813285971e-02,3.981917524081249882e-01,4.065445133557092916e-01,4.269246073265327013e-01,2.188295364673592536e-01,-1.834198181323967725e-02,1.129239201277467269e-01
1.687350858802582731e+00,1.889604710052915193e+00,1.984798084687260100e-01,2.000911181595864452e+00,1.844105543405652359e+00,3.375662332703351698e+00,3.946998859916482361e-01,3.066080988402429153e+00,4.343917758609797675e-01,2.489233813858988398e-01,3.278037517194002382e-01,-1.612015306703670769e-02,2.272102573267038850e-01,2.581453451843310765e-01,2.327766864629967347e-01,2.572107344945308016e-01
1.304437452469297432e+00,2.733231073078103535e+00,2.292744866244637691e+00,3.598439886772741847e+00,2.319914667043632583e+00,-7.038447495735308257e-01,4.645129160601115803e-01,5.003031318210878098e+00,4.458236399357535240e-01,1.087940184321878612e-01,4.469134169896618047e-01,2.737692463307351276e-01,4.109100071334373383e-01,-7.005600816219781368e-02,7.972294237789195881e-03,1.937823316866623957e-01
1.433891818166461940e+00,3.865547808828473930e-01,4.448887283672156578e-01,3.739294300945321392e-02,9.689539020586328266e-02,1.218330712558319595e+00,1.783526233767454283e-01,3.427770933182059943e-01,2.162453379037661549e-01,3.292349490121661559e-01,2.319558490939521711e-01,1.416738112120552728e-01,3.213055400409450812e-02,2.168726498482919096e-01,2.432523704371545303e-01,1.167942036131018740e-01
3.820646205294917497e+00,-6.009050783397845708e-01,8.298227833290955369e-01,8.146981666504757857e-01,2.301827296689582081e+00,4.083905322570680063e-01,1.514399024369163183e+00,2.058828277378090377e+00,1.897792676652304278e-01,3.416316785607743101e-01,1.308614637509087075e-01,3.642263428250721025e-01,2.537852227672040550e-01,4.290395719536120867e-01,4.339368032032502320e-01,3.134898492163888384e-01
2.292423339771274104e+00,1.921612137614076232e+00,2.964409306095152630e+00,9.420231539999494030e-01,1.585076699770337161e+00,4.755805527298949675e-01,1.083793169643730181e+00,1.961705010338598454e+00,1.964573245436251614e-01,5.542123538872861799e-01,6.617640252414636048e-01,3.912435186219973549e-01,1.998062551768455819e-01,1.421369030389832977e-01,2.281509056187981943e-01,3.344454186398975737e-01
8.349178243353153617e-01,1.204791817391386022e-01,-7.942874573403624350e-02,4.612004386417317692e-03,2.919656792933159606e-01,1.486200634397983888e-01,-1.444574071893860445e-01,1.127903713850662903e+00,2.721629724258134431e-01,2.757091978446203351e-01,1.239515973999995857e-01,4.409349811627928661e-02,1.339427948026526149e-01,4.122312934744008506e-01,2.840184719300967719e-01,7.507740947133889620e-02
5.756007902096251794e-01,4.524340686171890447e-01,1.403942789778440892e+00,3.415665206029090961e-01,1.493966769409776352e-01,5.601906782781701510e-01,6.563507879343132290e-01,7.849691532787740345e-01,4.973945225509576185e-01,1.922093646802378319e-01,5.886242031252675311e-02,5.891047016400144387e-02,3.620628661625964195e-01,1.339523756127573573e-01,1.969378767865658242e-01,1.202856959623025551e-01
7.148727576816904516e-02,-1.468068668431592866e-02,5.139158125872770322e-01,4.605015648085536428e-01,1.764517899301707660e+00,8.786687251544551547e-01,1.299116768465623517e+00,1.069130756871189414e+00,7.610366682605085309e-02,3.506168727815437980e-01,3.918115059183620019e-01,2.596380438618788866e-01,2.238054117334262738e-01,2.425906252584697775e-01,1.723540662335675822e-01,2.350200525804856666e-01
6.162103586007259270e-01,8.743138949651266811e-01,-3.238404168589936738e-02,1.005637071973772834e-01,-2.435286820269011443e-01,3.360045843352521544e-01,9.240965139523842353e-01,2.273834274216773310e-01,4.693145127869031152e-01,6.792268039394605550e-02,4.134550955845271436e-01,2.338967499010894679e-01,3.128003141874831083e-01,1.479178153830500164e-01,4.259519806705715228e-02,6.575114270082198231e-02
2.412604587898976582e+00,1.288533826557773043e+00,1.483036489292164362e-01,1.230390794645426444e+00,6.787336634969236560e-01,-7.190700193323928957e-02,-3.102506485729996211e+00,3.357161589252325218e+00,2.619446911742814854e-01,2.922226344814116694e-01,2.028954449016743267e-01,7.753732461725144909e-02,6.215858968083581848e-01,2.552880710567118072e-01,3.972166455645065319e-01,4.707546581660937424e-01
9.042899901835943499e-01,5.316659749689373049e-01,-3.705763511901738472e-01,1.037277019185772531e+00,6.485726026164514990e-02,4.262407676922759792e-01,9.747014403759373113e-01,7.355030494414016573e-01,9.477269762639869977e-02,1.604575897173219912e-01,3.692125590000234214e-01,1.213066183584726176e-01,3.025916333677249881e-01,2.565672480702372305e-01,-3.611769901001368743e-02,2.130522794844557088e-01
4.147568959815823852e-01,1.609565780796328838e+00,3.575530293583667696e+00,-2.737172780887154322e-01,-4.903543881191524956e-01,7.561785756964436445e-01,1.830804597855812288e+00,2.295065062169646009e+00,3.819308898238459871e-01,4.790348487208144768e-01,2.543678047983097823e-01,3.212671668305071560e-01,5.172833053557135408e-01,-9.490767063661458003e-02,3.450950413444910936e-01,2.476197216004027979e-01
3.820646205294917497e+00,-6.409538017677408606e-01,8.298227833290955369e-01,5.755824811739703728e-01,2.243895243127984163e+00,4.083905322570680063e-01,1.159647993801252275e+00,1.816672541312540190e+00,2.365450120024575886e-01,3.603733206432299663e-01,2.052163227335860318e-01,2.821403830864268047e-01,1.769063168562109989e-01,2.626001433948038644e-01,2.571368891614037588e-01,3.134898492163888384e-01
1.386301383445725177e+00,-6.008132871991114232e-01,1.730846663495782423e+00,3.359220206235179695e+00,8.798085682373804062e-01,3.207308126296027684e+00,-1.682541401365556410e+00,2.062101094042904759e+00,4.816859184994311538e-01,2.548726399121185593e-01,4.189078928995519924e-01,3.539064656352414739e-01,1.810873346722456367e-01,2.584893133104281260e-01,1.307010547570441605e-01,1.535063647621134342e-01
6.792981643445524798e-01,8.648460582142148967e-01,1.398207726923042404e+00,1.280777234651443219e+00,7.598613153448369184e-01,3.309100517824150600e-01,1.623014872898531191e+00,-2.698291623941298512e-01,2.912980174222819518e-01,1.461024742228593520e-01,6.768320912174055626e-02,1.683798632747917079e-01,-3.370684809134333326e-02,3.128255032174561134e-01,-1.413036905133119581e-01,3.910624897741640793e-01
1.307866640493781096e+00,1.557368967826830986e+00,8.013448000629803669e-01,1.237096016242743790e+00,2.086854871648350651e-01,1.295980771134759957e+00,3.505777831954547397e-01,9.309148275893763813e-01,9.812090375546045351e-02,-1.234274651699795167e-01,1.279557444330149674e-01,1.201364617078658770e-01,2.996167599516358360e-01,1.026666520772196722e-01,2.939358357025825819e-01,1.098592548508694339e-01
8.349178243353153617e-01,5.003870540403454470e-02,-7.942874573403624350e-02,2.620982966789069113e-02,3.789629543040473614e-01,1.486200634397983888e-01,-2.419116250284359948e-01,8.370160579992712568e-01,3.895174187216905448e-01,1.612539511441211937e-01,1.034043929143994150e-01,7.134415434582819238e-03,3.826686658823488796e-02,3.316045305433441559e-01,3.690933333317022447e-01,7.507740947133889620e-02
4.275323134231365785e-01,9.054141688959246315e-01,1.730012047673123998e-01,5.330839606715190859e-01,9.573604028732688453e-01,-2.465279512073742518e-01,-1.211041354226659594e-01,3.134743240119013952e-01,1.445937468055731867e-01,2.234812465472947873e-01,9.414611586109974950e-02,2.422630548227251157e-01,4.831255923972860855e-01,2.679443346613608057e-01,5.584733068491253283e-01,3.064228095739269797e-01
3.685907265459228199e+00,6.276439095838550752e-01,8.581312206513878049e-01,2.790273829938361594e+00,-4.054495550499472301e-01,1.403313286548460326e+00,1.820708092035604464e+00,1.092752013103488240e+00,1.164466215384879488e-01,5.511603748871584108e-01,2.282396327688221704e-01,2.885445900874963332e-01,4.891304337527654367e-01,4.146490795218677472e-01,2.623261540944535897e-01,1.785129928210186512e-01
-3.499075033809013746e-01,1.821459593320148507e+00,2.610019167107216376e+00,1.802086402586606129e+00,3.282000028874872299e+00,4.206447429736507537e+00,5.206841005443292758e+00,2.110232398944677179e+00,4.182036730452040052e-01,3.977696419409287309e-01,4.478210967692521915e-01,4.215799306001463687e-01,3.469481309541315728e-01,3.667850033070254590e-01,3.549769775169331343e-01,4.524340401501896203e-01
4.935724503236931793e-01,5.660948301656369974e-01,6.698702910043536907e-01,7.763783349727079175e-01,8.360236604087912804e-01,-1.676490834224897419e-01,6.827448281322567869e-01,6.097992596624902673e-01,1.596087186330528429e-01,7.147650297830349109e-03,-4.467561559494226398e-02,-1.534860321954476664e-02,6.097815606723422377e-01,3.043674467869996181e-01,3.604172768340677124e-02,1.012928427708620627e-01
7.978532871348862354e-01,2.413773716695371552e-01,2.111417190699085289e-01,7.185432426779065906e-01,-2.410599093759429878e-01,2.711048380320051354e-01,1.017486239955243565e+00,-2.808082313371959016e-01,-1.875028754528900443e-01,1.262178681701479066e-01,-2.187647556396159765e-01,2.395110911943398035e-01,-6.031031447734301609e-02,1.745550124529708369e-01,8.398352783309449843e-03,1.844010169325706328e-01
2.358541879767064309e-01,3.799329590257242706e-01,4.668519290699469360e-01,3.431435237495193968e-01,3.908405481366877821e-02,3.116507515093044356e-01,8.880640317242900761e-02,3.240110139787079069e-01,1.081850489058956144e-01,9.281623586112272561e-02,6.039439518668056062e-01,3.518804640733416700e-01,1.277126388166266724e-01,-8.266801004908089223e-02,1.994644104554043063e-01,1.045000691046750751e-01
1.126195240421649091e+00,8.178852493156845149e-01,1.057118994231929898e+00,-3.622890358456580251e-01,-1.908335626579725774e-01,-4.391800624272501619e-01,1.066996066046221214e+00,4.570554074973155467e-01,1.682931874804162731e-01,1.012587679141616070e-01,2.515693316930900369e-01,5.556527713635278642e-02,-3.740565512194662934e-03,1.516450083154584072e-01,-1.582171179409289780e-03,3.970345160992883038e-01
1.470170609518334781e-01,5.402185863143398326e-01,8.594565331399024455e-01,1.988829255944179475e-01,7.708293390180828153e-01,-4.019565542959036009e-02,2.949913053023709431e-01,1.950985222103867600e-01,2.938407986727402041e-02,1.666356408538488265e-01,3.509825433189924238e-01,8.866373155943085838e-02,2.896871685694002441e-01,2.456717873166711641e-01,6.378514783502992058e-02,8.325255002556231423e-03
2.957598295983976389e-01,6.411698918831651439e-02,8.142715660188505344e-01,-2.257114655376102688e-02,5.295922912341877176e-03,1.868886333888772344e-01,6.723744938108314750e-01,2.733000933637060315e-01,-4.791618120510941770e-02,6.820573916343486420e-02,1.284247727679980744e-01,2.302126085851537995e-01,1.199568583254640441e-01,3.872292791793685574e-01,3.800520796351290476e-01,2.747312396134279910e-01
6.903223073937485577e-01,4.855603467643773152e-01,8.007078729133501049e-01,8.356545000948398805e-01,6.873800282860780264e-01,1.246634627159596498e+00,7.177696756657218069e-01,2.841554146178241202e-01,5.820204761103933144e-01,3.701338315935725487e-01,3.799165046781762811e-01,1.630001102664948021e-01,6.709619692970899552e-01,3.632038779919478655e-01,2.038787588566033371e-01,1.109337556702863353e-01
6.149616442337069167e-01,1.386332981191611857e+00,-1.562236069143941863e-01,7.784749483261263481e-02,-4.192059105302775590e-02,3.315687413945249684e-01,-1.920559816080679716e-01,1.608345269547423406e+00,2.928663726364171827e-01,3.205174454083554725e-01,-3.691221284531612246e-02,3.195038281782925926e-01,3.919380123225190693e-01,1.552869104931844380e-01,2.261002235564266161e-01,2.618320214552098957e-01
2.007165361729688902e-01,4.385176119645674553e-01,6.137027452013431583e-01,3.137352056535216427e-01,4.142745616556143817e-01,7.036664547700481886e-01,2.161110519530536234e+00,9.296882084472786190e-01,5.271881816621489802e-01,1.393400914228644927e-01,2.292629874414051638e-01,-1.868711202010418793e-02,3.158658370073370580e-01,-4.551615238654757589e-02,-3.019222243840967712e-01,6.534422184887089813e-02
8.970146931688801617e-01,5.020303416279477959e-01,4.586700768167787379e-01,-3.009585854150815254e-01,1.078469729885990436e+00,1.206069477080441210e+00,7.075719621493679057e-01,1.081715533924425099e+00,4.378656307665750314e-01,2.455799021210633148e-01,2.890423559067506476e-01,1.465131408751311204e-01,1.439325105062504995e-01,3.781026108201256952e-01,5.558053091461603312e-01,2.432200164312945112e-01
1.304437452469297432e+00,2.561250381765050488e+00,2.292744866244637691e+00,3.504335867842099717e+00,2.590193019999603496e+00,-7.038447495735308257e-01,7.500214451532338789e-01,4.927353419467914719e+00,3.522368294456889037e-01,3.652233905565058780e-01,3.952115452460690515e-01,3.609214104066241213e-01,2.352507129323191948e-01,-3.524260846963514493e-02,3.848640324984550221e-01,1.937823316866623957e-01
6.421138336852438844e-01,-2.064934419933335888e-02,2.835440447545712894e-01,8.847138452822456145e-01,6.771386711636180333e-01,2.771683567731433318e-01,1.619917300694664331e+00,3.794566343648729523e-02,2.931091057336217554e-01,4.580795655560617741e-01,3.232510873363359516e-01,2.099384378653009753e-01,-3.455016368067820309e-02,1.101374315530451453e-01,6.414386000607884553e-01,1.145050480462430631e-01
-3.499075033809013746e-01,1.842811827496764643e+00,2.610019167107216376e+00,1.900264424799921414e+00,3.260271582467955120e+00,4.206447429736507537e+00,4.716962446345407400e+00,1.919090686971578474e+00,4.351400933037580243e-01,6.672016359349576264e-01,4.305344802376639968e-01,1.720829130327494461e-01,4.153792874061061902e-01,3.617371454908820949e-01,3.374654207400393235e-01,4.524340401501896203e-01
-5.236437498261472534e-01,-1.708535843602388415e-01,-1.164945691197512012e-01,2.514052604118957035e-01,1.198500608610872042e+00,5.967773340772305479e-01,4.464375472806254019e-01,5.880586470702552360e-01,3.535717597868872075e-01,1.857103927490677542e-01,3.877273916866127990e-02,2.576565549043290937e-01,1.771357798534298200e-01,2.844062057120804732e-01,-1.085699942484823349e-01,1.739694063377755506e-01
1.249467151283377930e+00,2.200268079269054322e+00,2.225757577422568634e+00,1.912110456598048014e+00,2.051087914293250769e+00,1.082510518794579601e+00,8.169040990296345672e-01,3.692069342617209315e+00,3.442674313842066236e-01,3.100172267961467387e-01,1.799759390721363539e-01,3.328893224142561169e-01,-1.349644724882644031e-02,7.891716290998466166e-01,1.711599168508624036e-01,2.627328900023876979e-01
7.295443655178138753e-01,1.014698326111271642e+00,8.268258868567011088e-01,-2.265612759355424555e-02,3.232752306085784899e-01,5.078539933474340851e-01,-4.556539281110009998e-02,-4.560792972560129277e-01,2.523881743249734577e-01,2.115711918925068935e-01,6.894710590231475922e-02,2.714401946969631774e-01,-1.185068914970270060e-01,3.981258353766167213e-01,4.313724442595923692e-01,1.760642803336771312e-01
1.894352292380441227e-02,5.560308634594689492e-01,1.788878356441505613e-01,1.210848412357280190e-01,-2.913500739556816876e-01,5.136780768192659163e-01,7.434396475084574796e-01,5.254823113654938371e-01,2.622070718096801145e-01,3.468842595761623682e-01,4.622644388356209055e-01,3.473519286827198016e-01,5.803316004657406157e-01,2.053289616988200617e-01,3.602309025240541529e-01,1.885085555935915869e-01
9.562179350106105868e-01,3.331611909405994165e+00,-1.807102004158852804e+00,1.067198492025816625e+00,9.478814666609229889e-01,3.604604701735771410e+00,1.982873426883359214e-01,2.953688993191680101e+00,3.243196066597674454e-01,4.117002770820515356e-01,3.906491431326296615e-01,5.853930515419810687e-01,1.374342058813051715e-01,2.702240652603672966e-01,6.834999817211639961e-01,4.983941166420997049e-01
1.307866640493781096e+00,1.307887727627049079e+00,8.013448000629803669e-01,1.337870282131520927e+00,1.219007395153852702e-01,1.295980771134759957e+00,4.117466962175703182e-01,5.764380355596251393e-01,2.557554281152547571e-01,1.218672059661625034e-01,2.514800061966456224e-01,4.498657991892734964e-01,4.633382061246955064e-01,4.861620676931009410e-01,-7.323295345474524487e-02,1.098592548508694339e-01
2.170716997522173508e-01,2.231240882952387317e+00,2.855841608618118421e+00,1.566451735291852998e+00,3.731084151445202224e+00,2.827515872715519851e+00,1.283005142965887302e+00,-3.421250911832038888e-01,2.992194091465520400e-01,3.663445075144934893e-01,-4.556777093515201882e-02,4.299096150369287606e-01,1.249418417956990601e-01,5.318681399584824776e-01,5.117758592000326567e-01,4.486801748586450311e-01
1.397876759147951287e+00,1.286195296418531697e+00,2.791123654393145581e-01,-8.532768428945186612e-02,3.455926501229819703e+00,2.996772473614927712e+00,6.833711609328979586e-02,1.475107311007304967e+00,4.704545811755250218e-01,3.423642394406359868e-01,5.069404135667082700e-01,4.480322301604932611e-01,5.502193622878852330e-02,5.875609518363661410e-02,3.178589399571811747e-01,4.166364354594039865e-01
-5.319923115621176812e-01,2.874837359046940932e+00,-1.941197204232419926e+00,4.381257672097336631e+00,1.349413560493176956e+00,1.088443732587874635e+00,8.735792992638027332e-01,-4.696711326512276186e-01,2.594132668213395831e-01,2.215642559546377455e-01,3.584844835745584768e-01,3.198903967547366278e-01,4.427438422411680841e-01,3.841774247220647309e-01,5.964375319442809520e-01,1.548884924725346668e-01
1.257804433108296704e+00,1.669838910780190311e+00,3.189427250960134241e+00,3.637561586883094389e+00,1.960751415224953054e-01,8.626886742315340584e-01,1.981192946501475038e+00,1.556044698587304431e+00,4.074519086486035335e-01,3.396849480054652259e-01,-6.001089581198340572e-02,3.379558127244466359e-01,1.500639183932730991e-01,5.816677537118211117e-01,4.283216309584912396e-01,2.828568260727087891e-01
2.358541879767064309e-01,3.649605148906195362e-01,4.668519290699469360e-01,5.041472033111290552e-01,2.945299216879041504e-01,3.116507515093044356e-01,3.360360123345841332e-01,2.598565010782447615e-01,9.099503931950962687e-03,2.728822958347143501e-02,9.040051704804011323e-02,2.837314996834775505e-01,2.698211193421674592e-01,-1.934157514120906085e-01,2.806130517393793933e-01,1.045000691046750751e-01
4.104746316917280979e-01,1.038649263263493605e+00,3.439261429718015739e-01,6.802469555190093775e-01,1.819459869701129717e+00,5.167138171145718717e-02,5.811602458610669597e-01,1.085159685516782657e+00,2.686258664577860777e-01,1.918586865772960171e-01,4.445383483781645828e-01,-6.859478541616928493e-02,2.262328535597000756e-01,3.971477806911163366e-01,5.868149838137409757e-03,2.479896132498409234e-01
1.593666007709728660e+00,2.880902468070912548e+00,1.558852246539530695e+00,1.687660807198524959e-01,4.445022211500792686e+00,1.122830654358318858e+00,3.257328759667594831e+00,9.167912535008269082e-01,5.303129554075329821e-01,1.132360981204015848e-01,2.230312448963946426e-01,5.285365320967690961e-01,1.270015700822448024e-01,7.671844904658731146e-02,5.932949184431901557e-01,4.829310917701465367e-01
4.147568959815823852e-01,1.530279787878402464e+00,3.575530293583667696e+00,-3.502891205668673402e-01,-1.711106496203368410e-01,7.561785756964436445e-01,2.003923689223931603e+00,2.556643514022828967e+00,4.526402823270660458e-01,4.517567270222026532e-01,1.435923478386463559e-01,2.222307864413405887e-01,1.236277520049714196e-01,1.161956559604224865e-01,5.243463577305766954e-01,2.476197216004027979e-01
1.084090654566378653e+00,-1.632185178271700954e+00,2.416172382504346849e+00,1.171790552962764131e+00,1.451058430597778948e+00,5.587536322949724354e-01,1.537580106939161917e+00,4.021279608660259797e+00,2.423909975902982794e-01,2.959752621995909161e-01,4.785578763852719186e-01,5.050186332569825964e-01,7.258134140419624236e-01,2.117058766700005701e-02,9.024691547337138076e-02,2.901096523527731952e-01
3.535121360619848829e+00,1.171158732346139653e+00,2.552372431839199596e+00,1.886436714161675576e+00,2.607158225148955566e+00,2.973444479431554210e+00,2.822495808226484826e+00,3.907197464637672812e+00,3.867458571415010038e-01,3.962495192315835246e-01,2.658917595100553366e-01,4.179240527303627051e-01,6.564118996257279903e-01,3.368713428849718916e-01,5.641155901465538802e-01,3.184919659028920824e-01
-7.916783125822147715e-01,5.293516573319310137e-01,1.316473779374374375e+00,1.681746149784797639e+00,2.761235059137432835e+00,2.575435515992674951e+00,1.455839903294923854e+00,-7.037949276634275497e-01,3.494201365968918616e-01,2.104233332091440811e-01,4.180492506042006173e-01,3.195949142305999358e-01,1.395807659163508796e-01,2.189059058961953241e-01,6.008540806642821419e-01,4.519713086003282476e-01
3.401183685354021158e+00,7.769358521158006292e-01,1.314189543364711277e+00,9.364893194459655845e-01,3.483627533790567554e+00,-2.912531471387592941e+00,2.758021048928368302e+00,3.017163591165384240e+00,4.492157451108568789e-01,3.706323104386055056e-01,1.564511525855471485e-01,5.418210831271863537e-01,2.347646166181809602e-01,2.785393313317623964e-01,2.788488075439164438e-01,3.466440891572084015e-01
2.901129793054615935e-01,2.939932131583820496e+00,4.723119521301837764e+00,1.837352116923260503e+00,1.395129501489193791e+00,2.601977294366057958e+00,-4.615063626925688389e-01,-2.233598419688090697e+00,3.461404351524477452e-01,2.961889201510639058e-01,3.825421870933222168e-01,3.703895488605136732e-01,3.604270855560254838e-01,3.578035566350434848e-01,2.978527503374696073e-01,2.947010816514064047e-01
1.029101674789306697e+00,2.513289760117377036e-01,9.707570065613049248e-01,1.728940692017406078e-01,4.300767443676466462e-01,9.647129402148316712e-01,7.288404820037159837e-01,-1.019176993793636132e+00,-9.805807345778308481e-03,1.681474479534042776e-01,2.428476020190185880e-01,2.020841401427891926e-01,4.668488376257931560e-01,4.059562319896252158e-01,2.854301703823848846e-01,5.157047710092239889e-02
9.720089826551713275e-01,5.581889575520946334e-01,5.271177394947201833e-01,3.453848048561596884e-01,5.180575321003923206e-02,4.098830937575907996e-01,1.923016847722119893e-01,-1.334284881690514513e-01,2.211726603585200124e-01,-9.292033426571499888e-02,1.509152993122346575e-01,2.815389112039259900e-01,4.940793656207661533e-01,4.758348195521724389e-01,3.424650803442507163e-01,1.439900883133979625e-01
9.720089826551713275e-01,7.675461622674797368e-01,5.271177394947201833e-01,3.882328313575642564e-01,9.840719419648497057e-02,4.098830937575907996e-01,2.236431270677054217e-01,1.551820092706715504e-01,1.580288568118553838e-01,8.473730779434479610e-02,3.568941267543240259e-01,3.030351086778053649e-01,4.334450550987613560e-01,3.075114196952625778e-01,6.132857429732116450e-02,1.439900883133979625e-01
4.411795845387558312e-01,3.339459035432617573e-01,5.806768060620063343e-01,4.745944371149831698e-01,3.075535151749250740e-01,9.544290924768560336e-01,9.943141447187401338e-01,5.694421666286220152e-01,4.799532486323900005e-02,2.724115173542214219e-01,9.837264583749669167e-02,2.780372180120133097e-01,9.516284996578527888e-04,3.445595707874756219e-01,1.411225303374997742e-01,4.153154969093502541e-02
1.123543787741359434e+00,7.815419966920129635e-01,1.527862000952025512e-01,5.847685194902043637e-01,-4.848187348554856557e-01,1.205805539788044722e+00,1.384446181892901306e-01,-2.957900154213405353e-01,2.642530437677930166e-01,2.302512209978808400e-01,5.510076173710229952e-01,-1.160164190909969140e-01,2.105913224430446540e-01,6.677614997719524270e-01,4.465239249709417324e-01,2.065369836299178058e-02
-3.754369910949790223e-01,-8.359787829296702055e-01,2.686352437491849265e+00,1.427848323438826728e-01,-4.436754337934483705e-01,1.934875462511786326e+00,3.062134156102886084e+00,-1.309262945650655041e+00,2.031770464372896490e-01,6.451029464839466154e-01,3.744929265421266251e-01,1.998712227620297599e-01,2.991973516707793768e-01,1.031081278770989290e-01,6.930381716680031334e-02,4.905661230283133722e-01
8.598385418881073772e-01,2.092186982824876251e-01,-6.086842547145081550e-01,1.189809864388902128e-01,1.515067153981934922e-01,-2.104083072978741586e-01,5.796031976296323052e-01,5.777419982419319533e-01,9.496785506696328594e-02,1.194180272177046420e-01,3.271401631454080028e-01,4.015076427478454502e-01,6.404340049306080085e-02,-4.322264986837274364e-02,1.473155777214885109e-02,1.535182554174663143e-02
7.295443655178138753e-01,9.144907109121047650e-01,8.268258868567011088e-01,-2.413445765387272623e-01,-5.229511138485112842e-02,5.078539933474340851e-01,-3.074074001508052614e-02,3.975027915499816378e-01,3.142844628415112362e-01,1.582788562786635045e-01,3.602608414755867350e-02,2.269845969557758303e-01,2.379140571071399202e-01,6.592729563448768149e-01,2.828917940940497422e-01,1.760642803336771312e-01
3.746671407043487001e-01,3.729571886800829628e+00,2.038296230149875932e+00,1.792917803739462634e+00,1.186650281729134448e+00,7.514533186575725887e-01,2.340590391264760761e+00,-8.605442491804974336e-01,2.515116662403732994e-01,2.836628513887592962e-01,2.280918605208394900e-01,6.112132457964577492e-01,2.084115784356244394e-01,4.946828928485929588e-01,3.308478721437976833e-01,3.583557847066605739e-01
-1.902236553045737244e+00,4.054136060817095988e+00,1.455013451119472334e+00,7.017291046197929871e-01,1.736312647014990329e+00,2.148542297103762433e+00,9.952129365616881884e-01,7.003128075381754858e-01,2.455636963326105759e-01,1.312490416050920983e-01,2.103171346015295096e-01,4.037165819016951818e-01,8.219147406505071807e-01,3.047848501225934315e-01,1.484642942635938656e-01,4.185448497701368953e-01
-5.937931542123288109e-01,9.868898373298919113e-02,2.581482253891704381e+00,3.042854196472768447e+00,3.727803094174284571e+00,1.822549482263456033e+00,9.842025658468537275e-01,2.134492586904828196e-02,2.412119088787803289e-01,4.115479055913227602e-01,5.277056568630279498e-01,2.242036636027847363e-01,4.781640368469848301e-01,1.764290035694003889e-01,2.739174576071187195e-01,4.435977334938673855e-01
4.601806154322501258e-02,8.875088799809394136e-01,4.417810339705706135e-01,4.712039119972689649e-01,1.515301575106092091e+00,4.032390041806045433e-01,8.049280181494593567e-01,6.303400551860687262e-01,2.295310633719733207e-01,-1.036418782332108879e-01,9.787514143791435639e-02,1.100132193256568303e-01,4.049984356904858807e-01,1.681660422405661659e-01,3.820725884617862667e-01,7.585729998145679387e-02
1.810712379079110423e+00,7.120530836255877238e-01,7.626255091909805994e-01,8.566753522589422021e-01,2.266219416266586351e-02,5.984053094623937863e-01,4.905833483978890297e-01,2.292348431161574052e+00,1.488338841929366385e-01,2.349717514566420640e-01,2.819160491633631582e-01,1.136719516736594549e-01,3.176796822099274276e-01,5.394380240413139127e-01,3.321306145828278877e-01,3.756838618173660715e-01
2.435462414488456684e+00,1.276679322469814970e+00,3.618189911935135061e+00,3.405677906741714223e-01,1.156729239031282441e+00,-4.146425021536701561e-01,1.015036455265911908e+00,5.133561474821512149e+00,4.741350392955639426e-01,3.972020712065979509e-01,2.316179862123265987e-01,4.487494245477706145e-01,5.267508068385200470e-01,7.023834356766891496e-01,-3.367909519055831136e-02,4.335748560358367865e-01
2.401171374216828913e-01,8.769713898690034704e-01,4.982268173446779413e-01,7.374492614104010135e-01,-4.769409028414871576e-01,1.435528060890705060e-01,2.019580850833264385e-01,9.238867107144853597e-01,6.394154709771920908e-02,1.343483510009518822e-01,-8.110323622353249329e-02,1.939081060690629743e-01,3.259362246526122942e-01,3.822108399194492079e-01,3.266921338724639301e-01,3.021783245265665663e-01
3.535121360619848829e+00,1.067179415001705323e+00,2.552372431839199596e+00,1.741604696614931003e+00,2.672765213011546681e+00,2.973444479431554210e+00,2.428665489552944035e+00,3.614035673452155262e+00,4.079002259646714035e-01,5.059522897599602054e-01,6.312039237433119121e-01,4.553045746483941891e-01,5.569788756192166623e-01,2.959100497552656917e-01,3.303188115562500360e-01,3.184919659028920824e-01
1.304437452469297432e+00,2.673042200662440138e+00,2.292744866244637691e+00,3.343821964376794575e+00,2.621256126017271093e+00,-7.038447495735308257e-01,4.633582752266871552e-01,4.840771558914779504e+00,3.140377007146069044e-01,2.661607297827262575e-01,8.348880961017981495e-01,1.575703116270005810e-01,5.836421356672293337e-01,1.655158632583108302e-01,1.575373151167472618e-01,1.937823316866623957e-01
1.593666007709728660e+00,2.777128465335043206e+00,1.558852246539530695e+00,4.256539698345371825e-01,4.416640186875531171e+00,1.122830654358318858e+00,3.221593025028723911e+00,8.352297531113368478e-01,5.348653635204162482e-01,1.764868440597059385e-01,3.570793304884589681e-01,4.157478943856786069e-01,-6.582673510905046044e-02,2.204358065609476336e-01,2.348961191634810763e-01,4.829310917701465367e-01
-5.937931542123288109e-01,4.043686208592117692e-02,2.581482253891704381e+00,3.097405391813214059e+00,3.893821735120210459e+00,1.822549482263456033e+00,8.567176783141219332e-01,2.611248875356373400e-01,3.015281985904602058e-01,5.161113479721485264e-01,2.575310185213042224e-01,2.027298038292133786e-01,3.321819789715560467e-01,2.152225371264411824e-01,2.549568713317982849e-01,4.435977334938673855e-01
1.989257019524164338e+00,-8.901179852989737906e-02,2.874878689698034506e+00,2.432944273663094403e+00,9.723436828179465863e-01,9.013155690832800326e-01,3.177163902865985712e+00,2.889858877358606026e+00,5.329751425298037693e-02,3.282943164892992427e-01,3.347830210447931831e-01,3.873222331453272105e-01,2.159734205079459346e-01,2.041731713756589905e-01,5.841384959047524195e-01,2.144282401927655179e-01
-1.075886763857185624e+00,2.280317136170908920e+00,1.451937055754580097e+00,4.363155388483860975e+00,4.209041352661453961e-01,-1.014018392690269055e+00,2.950058368945729814e+00,-2.875102257064912070e-01,5.028055913430241608e-01,4.445398032561814761e-01,-3.697756895880038863e-02,4.076370051069301281e-01,4.194031834993806607e-01,3.887287323388995408e-01,2.374218370378142762e-01,3.138789559336669366e-01
-1.092572971525942460e-01,1.300240070871547804e+00,2.405501251968895637e-01,5.379597969052650752e-01,5.869259290076068725e-01,1.043031528074485514e+00,-3.412372176994906692e-01,-2.314706625373401661e-01,2.164495111148407869e-01,1.890797392863250992e-01,2.314573550685388725e-01,3.703415613243431492e-01,2.160603154913980639e-01,2.710160609830652989e-01,-2.064262644891292353e-01,3.035965038221775242e-02
3.596223952155463532e+00,1.474489567307391003e+00,7.222855115684847505e-01,-1.001486838964090076e+00,2.882110650290843790e+00,8.808767667516912425e-01,3.312585374573234986e+00,3.634939721783573496e+00,3.095540918233321004e-01,2.019038443746820066e-01,2.237152318532639184e-01,5.043485437479338085e-01,4.244476935012306273e-01,2.911858385159594720e-01,5.510865697285476095e-02,1.884718915715724308e-01
8.387928874013236280e-01,7.129979744093701832e-01,2.668512288472485450e-02,8.863171020612705675e-01,-7.688742982106294699e-02,1.231381011138854426e-01,9.722354785874434691e-02,-3.483881548627848490e-02,1.841356167295031265e-01,4.526781453536412037e-01,2.432013257183263943e-01,5.319979354064150456e-01,3.206570798161596514e-01,1.835790598414984154e-01,2.331690419251959412e-01,8.835913957025366000e-03
1.037018703564775546e+00,2.150042823571894690e+00,4.925359777333518929e-01,2.054580442916905447e+00,1.760140028609578966e+00,4.727601623152505872e-01,-1.272674238466037666e+00,2.192427900691309439e-01,2.406452779694926714e-01,3.355096220637908688e-01,4.683540643305724727e-01,5.205943085462415576e-01,4.525137722907829341e-01,1.297174657254371866e-01,4.962770037831628622e-01,3.447550428935042821e-01
7.148727576816904516e-02,1.887575592257682011e-01,5.139158125872770322e-01,2.891382934573288876e-01,1.689015987756461445e+00,8.786687251544551547e-01,1.113186277685375369e+00,7.094681787467962408e-01,2.640312696642941881e-01,2.216693891114492332e-01,2.380246403595895899e-01,3.080948765478498386e-01,9.298982765764975122e-02,2.544616829218301901e-01,9.731047697961249521e-02,2.350200525804856666e-01
2.435462414488456684e+00,1.236325474834731208e+00,3.618189911935135061e+00,2.140888063515815620e-01,1.074894535144645058e+00,-4.146425021536701561e-01,7.584911423597339164e-01,5.486004559458072194e+00,3.546884263063896925e-01,4.838797029071607025e-01,4.474808102943875765e-01,4.356089770519944171e-01,1.419860292147220593e-01,4.473395555446773586e-01,3.147114923802853959e-01,4.335748560358367865e-01
8.598385418881073772e-01,3.392482458101765408e-01,-6.086842547145081550e-01,3.686938863092238672e-02,1.959855890576557569e-01,-2.104083072978741586e-01,6.777614896936232647e-01,3.994982657117343017e-01,4.222005185333788102e-02,5.575377754305590322e-02,1.603996826411976384e-01,1.675710415132621867e-01,-6.381479809046054774e-02,1.898535991527334765e-01,-3.268642326173783891e-02,1.535182554174663143e-02
2.871265341956253936e-01,7.527172336263818764e-01,9.688594827754928307e-01,1.097223444377989354e+00,1.243553951205677244e+00,6.954192164674444232e-01,1.134318365551075347e+00,2.111239532927043638e-01,3.017045986604622310e-01,-7.924616214523037827e-02,2.835136708614637291e-01,1.205315414793603490e-01,1.137935330314334970e-01,4.205650962945633453e-01,-1.167642661711164598e-01,8.370835721687663877e-02
-4.178694075492406235e-02,7.549147828658356874e-01,4.574356867138238969e-01,8.826622191831962061e-01,6.366527418272451833e-01,5.088480942668878182e-01,7.052841112201986284e-01,9.793377495894369789e-01,7.100819358984970797e-02,3.339661500276207562e-01,2.080172351161370392e-02,1.423494614167644667e-01,4.408618332809592366e-01,2.138320246377949652e-01,3.717809239421037137e-01,1.495554613434111058e-01
1.088254317585287012e+00,-2.128701796920472178e-01,-1.025303898167841954e-01,1.591551527429337698e+00,1.384318818927231520e-01,8.929366365614900269e-01,9.983217448659531534e-01,7.247939268936471890e-01,2.660242907825280390e-01,1.509670300010059751e-01,4.056243424936568087e-01,2.998444624189957608e-01,-6.010360989437868451e-02,2.801342363505374133e-02,5.206201519647150888e-02,3.334230449536657592e-01
1.307866640493781096e+00,1.347092253186522814e+00,8.013448000629803669e-01,1.176574334209700368e+00,9.858179786121692989e-02,1.295980771134759957e+00,4.162042427343606854e-01,3.809938247742318818e-01,2.017749441961303181e-01,2.249663417849756264e-01,3.003391706143505868e-02,2.801903595067410380e-01,1.271502854078152556e-01,5.648583641872696043e-02,-1.006091541805904099e-01,1.098592548508694339e-01
-5.326385655326320023e-01,3.165201075548430332e+00,3.697364745339975389e+00,-1.860896819056599982e-01,1.404479432189710497e+00,3.328290256201599906e+00,3.676144287923075460e-01,-1.941002722154506976e+00,2.632080196738795230e-01,4.864703316259216814e-01,3.724890884395093971e-01,3.168902423062849305e-01,7.443521950144796340e-02,2.731432912148368253e-01,5.202696131437412053e-01,3.837721335703573877e-01
-5.973182882065586341e-02,2.083609702854197998e+00,1.444987723512980438e-03,-1.049230905780832668e+00,1.754011179246889096e+00,1.839198414576032059e+00,1.357187408354685765e+00,3.231718939420499925e+00,4.300714377751143624e-01,5.240608445437922036e-01,3.896157219386016668e-01,9.409152449042643140e-02,7.554477978340954358e-01,3.678671270955151673e-01,4.211592959100733946e-01,4.456318800331703356e-01
1.450659425618410214e-01,2.333651125188053843e+00,3.410728335242091624e+00,9.715902646255670794e-01,2.004988121958883873e+00,3.866165961003398266e-01,4.575992480663089168e+00,2.117996312582377527e+00,6.165582923977143137e-01,3.795900098776951448e-01,3.845927488613481438e-01,-4.895125526941884742e-02,-1.413017080427928784e-01,5.249709064523904178e-01,4.645951142704868309e-01,1.525354638121277084e-01
2.365920193813505490e-01,8.496642928524019700e-01,3.007897681829939662e-01,-4.421126336142526814e-01,6.897082395193494531e-01,4.519993321982472834e-01,-6.591959439752954897e-02,7.766898493604267317e-01,4.732625414015546178e-02,1.049632925933163680e-01,-4.947243342317643455e-03,3.639505338552762037e-01,1.757145441361982752e-01,3.959888784964195607e-01,-1.914331865908278640e-01,3.076608057715905509e-01
1.510806642783350418e+00,-8.663371071688271696e-01,1.916772495388064046e+00,3.902473301696847141e+00,1.277381641917005872e+00,-6.702183555080759580e-01,1.631150695854374000e+00,3.031343678103396666e+00,4.373802966336836628e-01,2.004982089104699605e-01,5.297476285095215065e-01,1.236226071035673169e-01,1.946888988331434422e-01,2.811840956695744742e-01,5.620462570277984238e-01,4.614117715960516231e-01
9.958570763504488443e-01,6.227165320394791870e-01,5.732484808712108304e-01,6.728102729472327237e-01,1.197838165056053228e+00,3.464425407963200865e-02,4.265857417205760616e-01,6.525365187736471562e-01,4.996935858642511663e-01,1.689351198589053027e-01,4.787810470290964626e-01,2.399710969505833846e-01,2.486022174042380462e-01,5.712955138413544631e-01,2.840141240845605597e-01,1.156588727520290460e-01
3.315500916972503820e+00,4.340610935351899791e+00,2.014564580246673398e+00,3.880123624419937745e+00,1.433270885437898601e+00,4.665874288988577590e+00,1.434001385525544570e-01,-6.378567722272514562e-01,2.655724727033145216e-01,3.709851937153838541e-01,-5.697071260492239664e-02,2.853401090588530975e-01,2.683339258067782285e-01,6.611601612923249938e-02,3.317999972830044109e-01,3.894079315030163913e-01
1.470170609518334781e-01,3.345680351845241596e-01,8.594565331399024455e-01,-1.405123104918375720e-01,7.577818227460093592e-01,-4.019565542959036009e-02,1.624129014250942915e-01,-2.506774158631777660e-01,-3.455682467793527723e-03,2.780109445132874502e-01,4.783189794370752979e-01,4.061849277546678572e-01,5.015112404029969939e-02,-3.426703865278230010e-02,4.106690141800108940e-01,8.325255002556231423e-03
1.088254317585287012e+00,-2.564334226401547845e-01,-1.025303898167841954e-01,1.621396380763227452e+00,3.458304585604720094e-01,8.929366365614900269e-01,1.218793844100036328e+00,5.216602822341689372e-01,3.102007011236712075e-01,8.803511436502263476e-02,2.744233038903385324e-01,4.012100505979238618e-01,-1.942483356494603963e-01,-4.079235861888450693e-02,-5.146439240439609764e-02,3.334230449536657592e-01
9.562179350106105868e-01,3.419165625176898704e+00,-1.807102004158852804e+00,1.106809106515811214e+00,8.753737775222695250e-01,3.604604701735771410e+00,8.250728574699982276e-02,2.977218305322508307e+00,1.165426067137659283e-01,4.580131555314352343e-01,4.222104280160456913e-01,5.304737060826418826e-01,3.460013679248820639e-01,1.920896046652803280e-01,1.804333734086786545e-01,4.983941166420997049e-01
6.380796095452465622e-01,7.795902158645651170e-02,1.111189287795443237e+00,1.384614494409734720e+00,1.212931228803945549e+00,1.324451112112493556e-01,2.430474725587885021e-01,3.136227501446587351e-01,3.161928680287523497e-01,3.335067598411647349e-01,3.668374372372792402e-01,2.568191524980712459e-01,2.496120245342201838e-01,3.326579310477563722e-01,1.531070502482619056e-01,2.538925084607066562e-01
5.718468313980886730e-01,1.007483986571353629e+00,5.502443648481905036e-01,1.591757641867531436e+00,7.663225244001965475e-01,2.765248184781406993e-01,4.038223215988939740e-01,5.423553129847026311e-01,1.458784936114801145e-01,3.022595095000443211e-01,2.345999099622114725e-01,1.951743723746102999e-01,4.430960783180799556e-01,2.465995486009579518e-01,5.352161311734684457e-01,2.499220434465265483e-01
-2.689747543671683339e-03,-1.003711962246511269e-01,8.444018574937969257e-01,3.445197493704594827e-01,-6.471164753296404504e-02,3.525799550662138127e-01,2.639781560690226958e-01,8.555036291460212938e-01,2.418319568389083185e-01,4.195042744323557171e-01,1.798778371581659652e-01,1.792311001009583848e-01,1.094843514248745320e-01,6.218888644630913426e-02,2.854741155614768378e-01,8.535180284037539866e-02
9.042899901835943499e-01,5.526809357480626517e-01,-3.705763511901738472e-01,7.210349218956675355e-01,-2.592728568780393317e-02,4.262407676922759792e-01,9.293882923649590122e-01,1.177057964114814226e+00,3.022279661725771893e-01,3.871546521880843139e-01,4.466838344670168159e-01,-2.091992352953746526e-01,-1.756211781000036054e-03,1.437813487147523717e-01,3.195294373836852220e-01,2.130522794844557088e-01
6.149616442337069167e-01,1.433582816732869913e+00,-1.562236069143941863e-01,2.035302626036336049e-01,-2.026955231288705972e-01,3.315687413945249684e-01,2.989603085890826795e-02,1.636103468209224809e+00,1.318809824378660012e-01,2.769285620189201325e-01,-3.772905210518637253e-01,2.649044948753496165e-01,1.745195204282652957e-01,2.768146334022932864e-01,2.739387593374401630e-01,2.618320214552098957e-01
1.211798574416943497e+00,2.313131824851430984e+00,-1.323801540051039449e-01,8.042953313738709920e-01,3.144433805178512564e+00,2.457357255563790588e+00,5.255342998859027226e+00,8.302884223440230860e-02,4.512904771214127919e-01,3.356147232486692000e-01,1.328269584315919793e-01,2.020333807025197492e-01,1.910035695311873005e-01,4.157633140133102922e-01,6.619052367656432789e-01,3.163959768509622128e-01
7.445346070045235631e-01,1.016420748674790486e+00,9.405641946774575546e-01,8.089710029945346159e-01,9.783458284763991708e-01,4.827425907387070669e-01,7.619270751249439533e-01,2.535785869503955903e-01,1.172142876088513863e-01,4.024221621432759743e-01,2.493570646321956463e-01,3.014832953157092210e-01,1.858790602010985116e-01,-1.139810507040527054e-02,2.878853819308145323e-01,1.628840666273475846e-01
8.387928874013236280e-01,4.610051695755282841e-01,2.668512288472485450e-02,8.104673313442017912e-01,1.048606737575027009e-01,1.231381011138854426e-01,2.824044037076177682e-01,1.991990089924906004e-01,6.857513401320336488e-02,3.503656314345234835e-01,1.589277794820012912e-01,6.326399254425330021e-01,1.404250037293048869e-01,2.758028393610840179e-01,2.501517417046518754e-01,8.835913957025366000e-03
4.104746316917280979e-01,1.275796526241582018e+00,3.439261429718015739e-01,9.736983416724868112e-01,1.648133648345796010e+00,5.167138171145718717e-02,4.661850781068674898e-01,6.591371848988096804e-01,3.314299112410104553e-01,3.277085234629691923e-01,3.187698181832972488e-01,-1.828782214699053998e-01,4.071416906004979297e-01,7.851601527550647330e-02,3.592220768193533642e-01,2.479896132498409234e-01
5.066726063223697452e+00,4.943945546501319344e-01,1.715712061415219480e+00,2.522544746505004820e+00,7.231557465447288280e+00,1.071498024752890910e+00,-6.050965724448833516e-01,-7.251957696526603048e-01,5.555750642922695492e-01,3.346144881956197858e-01,4.327430256959473032e-01,3.371561902232061980e-01,4.841061429030589225e-01,3.933705044855644872e-01,5.506171899148027959e-01,2.420241797991181110e-01
9.562179350106105868e-01,3.525042426118086158e+00,-1.807102004158852804e+00,1.339551887013143094e+00,1.065994388622428346e+00,3.604604701735771410e+00,8.442919998403111692e-02,3.310599859919826748e+00,2.844032742426051419e-01,4.676623662519601154e-01,2.206951837758109880e-01,4.752383631091662286e-01,1.532263000230943417e-02,2.273241537727326844e-01,3.638221602755513651e-01,4.983941166420997049e-01
